Course_Presentation,Week,Model,AUROC
AAA/2013J,2,LogisticRegression,0.6555669749914355
AAA/2013J,2,RandomForest,0.6809352517985612
AAA/2013J,2,XGBoost,0.6899623158615964
AAA/2013J,2,LightGBM,0.6768413840356285
AAA/2014J,2,LogisticRegression,0.6508328627893845
AAA/2014J,2,RandomForest,0.6138128176171653
AAA/2014J,2,XGBoost,0.6543619424054206
AAA/2014J,2,LightGBM,0.6544325239977413
BBB/2013B,2,LogisticRegression,0.7564339897583232
BBB/2013B,2,RandomForest,0.7668513561695508
BBB/2013B,2,XGBoost,0.7707165298181612
BBB/2013B,2,LightGBM,0.7808484004485254
BBB/2013J,2,LogisticRegression,0.789589872525783
BBB/2013J,2,RandomForest,0.7727675997693934
BBB/2013J,2,XGBoost,0.7844332521939656
BBB/2013J,2,LightGBM,0.7905343187495996
BBB/2014B,2,LogisticRegression,0.7662515796696898
BBB/2014B,2,RandomForest,0.7621560822328691
BBB/2014B,2,XGBoost,0.7832173097642993
BBB/2014B,2,LightGBM,0.7906926017120979
BBB/2014J,2,LogisticRegression,0.7547198617202728
BBB/2014J,2,RandomForest,0.7554934971978557
BBB/2014J,2,XGBoost,0.7665178027534113
BBB/2014J,2,LightGBM,0.7798340795565302
CCC/2014B,2,LogisticRegression,0.7700062440832276
CCC/2014B,2,RandomForest,0.7695068359085733
CCC/2014B,2,XGBoost,0.7732053000062796
CCC/2014B,2,LightGBM,0.7940104194436249
CCC/2014J,2,LogisticRegression,0.733796159429196
CCC/2014J,2,RandomForest,0.7457015303156629
CCC/2014J,2,XGBoost,0.7357964982444719
CCC/2014J,2,LightGBM,0.7511677501004819
DDD/2013B,2,LogisticRegression,0.7255742650149593
DDD/2013B,2,RandomForest,0.7395470167890611
DDD/2013B,2,XGBoost,0.7536211458101525
DDD/2013B,2,LightGBM,0.7541873748238261
DDD/2013J,2,LogisticRegression,0.7352090201781454
DDD/2013J,2,RandomForest,0.7273562833315749
DDD/2013J,2,XGBoost,0.7435506835726119
DDD/2013J,2,LightGBM,0.7552968855542056
DDD/2014B,2,LogisticRegression,0.7193725245351492
DDD/2014B,2,RandomForest,0.7182771182732162
DDD/2014B,2,XGBoost,0.7405977629184076
DDD/2014B,2,LightGBM,0.7474907392180528
DDD/2014J,2,LogisticRegression,0.7559228536602425
DDD/2014J,2,RandomForest,0.754294927514512
DDD/2014J,2,XGBoost,0.7626930781604373
DDD/2014J,2,LightGBM,0.7797553927004967
EEE/2013J,2,LogisticRegression,0.7655409637973661
EEE/2013J,2,RandomForest,0.761702750688506
EEE/2013J,2,XGBoost,0.7681207767609262
EEE/2013J,2,LightGBM,0.7810569078569389
EEE/2014B,2,LogisticRegression,0.7501683165847941
EEE/2014B,2,RandomForest,0.7645230198904487
EEE/2014B,2,XGBoost,0.7737160145957493
EEE/2014B,2,LightGBM,0.7825349724459517
EEE/2014J,2,LogisticRegression,0.7908805578761718
EEE/2014J,2,RandomForest,0.7787002227791702
EEE/2014J,2,XGBoost,0.7969605727281166
EEE/2014J,2,LightGBM,0.807812354961478
FFF/2013B,2,LogisticRegression,0.7411915330513477
FFF/2013B,2,RandomForest,0.7355146751426324
FFF/2013B,2,XGBoost,0.7499969260279362
FFF/2013B,2,LightGBM,0.7575519808675979
FFF/2013J,2,LogisticRegression,0.7654374798210415
FFF/2013J,2,RandomForest,0.7683240317943513
FFF/2013J,2,XGBoost,0.7719424073305352
FFF/2013J,2,LightGBM,0.7908110788247775
FFF/2014B,2,LogisticRegression,0.7574916317840386
FFF/2014B,2,RandomForest,0.7507202449375004
FFF/2014B,2,XGBoost,0.7704207965529457
FFF/2014B,2,LightGBM,0.7732430361261123
FFF/2014J,2,LogisticRegression,0.7948689254642701
FFF/2014J,2,RandomForest,0.7839135275348346
FFF/2014J,2,XGBoost,0.7967856896907927
FFF/2014J,2,LightGBM,0.8122274062851502
GGG/2013J,2,LogisticRegression,0.6570899024024024
GGG/2013J,2,RandomForest,0.6053068693693695
GGG/2013J,2,XGBoost,0.6284393768768769
GGG/2013J,2,LightGBM,0.6346964151651652
GGG/2014B,2,LogisticRegression,0.6600536272025458
GGG/2014B,2,RandomForest,0.61762625964995
GGG/2014B,2,XGBoost,0.6451794448700572
GGG/2014B,2,LightGBM,0.6587424126348047
GGG/2014J,2,LogisticRegression,0.683499483089647
GGG/2014J,2,RandomForest,0.6568010633584404
GGG/2014J,2,XGBoost,0.6596846846846847
GGG/2014J,2,LightGBM,0.6803795598877567
AAA/2013J,4,LogisticRegression,0.6983898595409387
AAA/2013J,4,RandomForest,0.75517300445358
AAA/2013J,4,XGBoost,0.7327852004110997
AAA/2013J,4,LightGBM,0.7458376156217883
AAA/2014J,4,LogisticRegression,0.7107566346696781
AAA/2014J,4,RandomForest,0.6947699040090345
AAA/2014J,4,XGBoost,0.7108272162619989
AAA/2014J,4,LightGBM,0.7177442123094298
BBB/2013B,4,LogisticRegression,0.8060256403631609
BBB/2013B,4,RandomForest,0.8227981945298491
BBB/2013B,4,XGBoost,0.8258230287872759
BBB/2013B,4,LightGBM,0.8387814368317977
BBB/2013J,4,LogisticRegression,0.8335284414835693
BBB/2013J,4,RandomForest,0.8224865479469605
BBB/2013J,4,XGBoost,0.8184517327525463
BBB/2013J,4,LightGBM,0.8357336173211197
BBB/2014B,4,LogisticRegression,0.8170439761411659
BBB/2014B,4,RandomForest,0.8240806865780084
BBB/2014B,4,XGBoost,0.8199036828426913
BBB/2014B,4,LightGBM,0.8333118570705549
BBB/2014J,4,LogisticRegression,0.6648711622807018
BBB/2014J,4,RandomForest,0.758248812134503
BBB/2014J,4,XGBoost,0.7300800286306043
BBB/2014J,4,LightGBM,0.7566090247319688
CCC/2014B,4,LogisticRegression,0.8411289586836003
CCC/2014B,4,RandomForest,0.8484784934579306
CCC/2014B,4,XGBoost,0.8490590628661883
CCC/2014B,4,LightGBM,0.8561917727390671
CCC/2014J,4,LogisticRegression,0.8000073077804609
CCC/2014J,4,RandomForest,0.8297356908675997
CCC/2014J,4,XGBoost,0.8231145095981054
CCC/2014J,4,LightGBM,0.8355809187208726
DDD/2013B,4,LogisticRegression,0.7948223425561902
DDD/2013B,4,RandomForest,0.852062161560715
DDD/2013B,4,XGBoost,0.8498998590609006
DDD/2013B,4,LightGBM,0.8603305887298173
DDD/2013J,4,LogisticRegression,0.8268313535161922
DDD/2013J,4,RandomForest,0.8472928479672295
DDD/2013J,4,XGBoost,0.8429958416769908
DDD/2013J,4,LightGBM,0.8538055236191224
DDD/2014B,4,LogisticRegression,0.805555632980369
DDD/2014B,4,RandomForest,0.8422015714759555
DDD/2014B,4,XGBoost,0.8387662324992822
DDD/2014B,4,LightGBM,0.8521954115577903
DDD/2014J,4,LogisticRegression,0.8259561490273656
DDD/2014J,4,RandomForest,0.8284227037936237
DDD/2014J,4,XGBoost,0.8241277762791116
DDD/2014J,4,LightGBM,0.8451453206646085
EEE/2013J,4,LogisticRegression,0.7484015167521043
EEE/2013J,4,RandomForest,0.7958648860026613
EEE/2013J,4,XGBoost,0.788662908146056
EEE/2013J,4,LightGBM,0.8029278653159714
EEE/2014B,4,LogisticRegression,0.741873010331729
EEE/2014B,4,RandomForest,0.7796548886616962
EEE/2014B,4,XGBoost,0.7883117638746894
EEE/2014B,4,LightGBM,0.7962164094124297
EEE/2014J,4,LogisticRegression,0.7725476886661097
EEE/2014J,4,RandomForest,0.8121258006126427
EEE/2014J,4,XGBoost,0.8081285389399425
EEE/2014J,4,LightGBM,0.8256013297131719
FFF/2013B,4,LogisticRegression,0.7844269501278772
FFF/2013B,4,RandomForest,0.7870590387074562
FFF/2013B,4,XGBoost,0.7885522206374188
FFF/2013B,4,LightGBM,0.804032743950423
FFF/2013J,4,LogisticRegression,0.8125094168473164
FFF/2013J,4,RandomForest,0.8116365327552542
FFF/2013J,4,XGBoost,0.8059560598373383
FFF/2013J,4,LightGBM,0.8238150146825945
FFF/2014B,4,LogisticRegression,0.8072508874285177
FFF/2014B,4,RandomForest,0.7999183059694479
FFF/2014B,4,XGBoost,0.8022281504616073
FFF/2014B,4,LightGBM,0.8165390649286803
FFF/2014J,4,LogisticRegression,0.8436976333126736
FFF/2014J,4,RandomForest,0.8249912483070495
FFF/2014J,4,XGBoost,0.8289668124325689
FFF/2014J,4,LightGBM,0.8439956930193054
GGG/2013J,4,LogisticRegression,0.6490404466966966
GGG/2013J,4,RandomForest,0.5933183183183183
GGG/2013J,4,XGBoost,0.6112143393393393
GGG/2013J,4,LightGBM,0.6339714714714715
GGG/2014B,4,LogisticRegression,0.6701219871530437
GGG/2014B,4,RandomForest,0.6192468619246861
GGG/2014B,4,XGBoost,0.6342094407448877
GGG/2014B,4,LightGBM,0.6614591313571808
GGG/2014J,4,LogisticRegression,0.6685423128046079
GGG/2014J,4,RandomForest,0.64239403337764
GGG/2014J,4,XGBoost,0.6591123910796042
GGG/2014J,4,LightGBM,0.6835770196425933
AAA/2013J,6,LogisticRegression,0.7141486810551558
AAA/2013J,6,RandomForest,0.7411784857828023
AAA/2013J,6,XGBoost,0.7214457005823912
AAA/2013J,6,LightGBM,0.7498115793079823
AAA/2014J,6,LogisticRegression,0.716297289666855
AAA/2014J,6,RandomForest,0.7171972049689441
AAA/2014J,6,XGBoost,0.71777950310559
AAA/2014J,6,LightGBM,0.7257199322416714
BBB/2013B,6,LogisticRegression,0.8146589811030215
BBB/2013B,6,RandomForest,0.8316401668018789
BBB/2013B,6,XGBoost,0.8323597195165433
BBB/2013B,6,LightGBM,0.8483061444892855
BBB/2013J,6,LogisticRegression,0.8393544615975913
BBB/2013J,6,RandomForest,0.8259044103516752
BBB/2013J,6,XGBoost,0.8323461821792326
BBB/2013J,6,LightGBM,0.8451940939081417
BBB/2014B,6,LogisticRegression,0.8224280493446894
BBB/2014B,6,RandomForest,0.8367164915963125
BBB/2014B,6,XGBoost,0.8227711520488354
BBB/2014B,6,LightGBM,0.8385585339423276
BBB/2014J,6,LogisticRegression,0.726870126705653
BBB/2014J,6,RandomForest,0.7592847679093567
BBB/2014J,6,XGBoost,0.751139894005848
BBB/2014J,6,LightGBM,0.7625072337962963
CCC/2014B,6,LogisticRegression,0.8688268587995958
CCC/2014B,6,RandomForest,0.8919352985015385
CCC/2014B,6,XGBoost,0.8896479735165563
CCC/2014B,6,LightGBM,0.8967984559223412
CCC/2014J,6,LogisticRegression,0.8258097519008534
CCC/2014J,6,RandomForest,0.8674664257313593
CCC/2014J,6,XGBoost,0.8556600420529548
CCC/2014J,6,LightGBM,0.8669412620536856
DDD/2013B,6,LogisticRegression,0.8234947951437825
DDD/2013B,6,RandomForest,0.8671426452043617
DDD/2013B,6,XGBoost,0.8662611576787083
DDD/2013B,6,LightGBM,0.8723339020349627
DDD/2013J,6,LogisticRegression,0.8326223322503348
DDD/2013J,6,RandomForest,0.8516469591379229
DDD/2013J,6,XGBoost,0.8423573547279033
DDD/2013J,6,LightGBM,0.856752135450601
DDD/2014B,6,LogisticRegression,0.8162198170978144
DDD/2014B,6,RandomForest,0.8510261420237422
DDD/2014B,6,XGBoost,0.8475016096618735
DDD/2014B,6,LightGBM,0.8594033519989074
DDD/2014J,6,LogisticRegression,0.8311340407037737
DDD/2014J,6,RandomForest,0.8582049475966391
DDD/2014J,6,XGBoost,0.8470898400423623
DDD/2014J,6,LightGBM,0.8655459141364186
EEE/2013J,6,LogisticRegression,0.8513679309974165
EEE/2013J,6,RandomForest,0.8540978623877356
EEE/2013J,6,XGBoost,0.8461378791416931
EEE/2013J,6,LightGBM,0.864693258014656
EEE/2014B,6,LogisticRegression,0.828657872644607
EEE/2014B,6,RandomForest,0.8450448428629612
EEE/2014B,6,XGBoost,0.8521473871447691
EEE/2014B,6,LightGBM,0.8583813347297375
EEE/2014J,6,LogisticRegression,0.8667008957579132
EEE/2014J,6,RandomForest,0.8690244128840621
EEE/2014J,6,XGBoost,0.8631155434883505
EEE/2014J,6,LightGBM,0.878591153810452
FFF/2013B,6,LogisticRegression,0.7961895042297857
FFF/2013B,6,RandomForest,0.8053614683749755
FFF/2013B,6,XGBoost,0.80545138205784
FFF/2013B,6,LightGBM,0.815822963800905
FFF/2013J,6,LogisticRegression,0.8206694033178051
FFF/2013J,6,RandomForest,0.82130744276863
FFF/2013J,6,XGBoost,0.8238250080715835
FFF/2013J,6,LightGBM,0.834202373814246
FFF/2014B,6,LogisticRegression,0.8092046760795542
FFF/2014B,6,RandomForest,0.8133743249398139
FFF/2014B,6,XGBoost,0.8212256273450886
FFF/2014B,6,LightGBM,0.8300474982106838
FFF/2014J,6,LogisticRegression,0.8548940614741868
FFF/2014J,6,RandomForest,0.8435132738792095
FFF/2014J,6,XGBoost,0.8500304157197622
FFF/2014J,6,LightGBM,0.8571888701420932
GGG/2013J,6,LogisticRegression,0.6313907657657658
GGG/2013J,6,RandomForest,0.5991131756756758
GGG/2013J,6,XGBoost,0.6184238926426426
GGG/2013J,6,LightGBM,0.6316769894894896
GGG/2014B,6,LogisticRegression,0.645506511874595
GGG/2014B,6,RandomForest,0.6071394896576109
GGG/2014B,6,XGBoost,0.6257351641228122
GGG/2014B,6,LightGBM,0.6529170840945253
GGG/2014J,6,LogisticRegression,0.6514990400236302
GGG/2014J,6,RandomForest,0.6469982277359326
GGG/2014J,6,XGBoost,0.6582853345148427
GGG/2014J,6,LightGBM,0.6794232757347511
AAA/2013J,8,LogisticRegression,0.722678999657417
AAA/2013J,8,RandomForest,0.7819630010277492
AAA/2013J,8,XGBoost,0.7763617677286742
AAA/2013J,8,LightGBM,0.7985268927714971
AAA/2014J,8,LogisticRegression,0.7354954827780914
AAA/2014J,8,RandomForest,0.7667278373800114
AAA/2014J,8,XGBoost,0.7513410502540937
AAA/2014J,8,LightGBM,0.7780914737436477
BBB/2013B,8,LogisticRegression,0.8200343111671481
BBB/2013B,8,RandomForest,0.8660592022653639
BBB/2013B,8,XGBoost,0.8698203831069174
BBB/2013B,8,LightGBM,0.8766516124698356
BBB/2013J,8,LogisticRegression,0.860559060918583
BBB/2013J,8,RandomForest,0.8671990103132406
BBB/2013J,8,XGBoost,0.8675148933444367
BBB/2013J,8,LightGBM,0.8758083242585357
BBB/2014B,8,LogisticRegression,0.8398036396831656
BBB/2014B,8,RandomForest,0.8669879308578189
BBB/2014B,8,XGBoost,0.8688198819478297
BBB/2014B,8,LightGBM,0.875107510688969
BBB/2014J,8,LogisticRegression,0.7916491532651072
BBB/2014J,8,RandomForest,0.8162737573099416
BBB/2014J,8,XGBoost,0.8062591374269005
BBB/2014J,8,LightGBM,0.812791636208577
CCC/2014B,8,LogisticRegression,0.8796183407800247
CCC/2014B,8,RandomForest,0.8944400408057356
CCC/2014B,8,XGBoost,0.8853102906520032
CCC/2014B,8,LightGBM,0.8938576941441875
CCC/2014J,8,LogisticRegression,0.8313610076764912
CCC/2014J,8,RandomForest,0.8657979265833802
CCC/2014J,8,XGBoost,0.86217326747473
CCC/2014J,8,LightGBM,0.8680198240153595
DDD/2013B,8,LogisticRegression,0.841935563632767
DDD/2013B,8,RandomForest,0.8781099324975891
DDD/2013B,8,XGBoost,0.8672551492223624
DDD/2013B,8,LightGBM,0.8820488094355018
DDD/2013J,8,LogisticRegression,0.8463949417040748
DDD/2013J,8,RandomForest,0.888770569993724
DDD/2013J,8,XGBoost,0.8837861297140079
DDD/2013J,8,LightGBM,0.8910302916917294
DDD/2014B,8,LogisticRegression,0.8334620133734332
DDD/2014B,8,RandomForest,0.8817630187501219
DDD/2014B,8,XGBoost,0.8805672699298439
DDD/2014B,8,LightGBM,0.8888176580604341
DDD/2014J,8,LogisticRegression,0.8438677077401113
DDD/2014J,8,RandomForest,0.8733508427499524
DDD/2014J,8,XGBoost,0.8700006993775541
DDD/2014J,8,LightGBM,0.8759928663489495
EEE/2013J,8,LogisticRegression,0.8577173844551442
EEE/2013J,8,RandomForest,0.8562551197796779
EEE/2013J,8,XGBoost,0.8469978167962133
EEE/2013J,8,LightGBM,0.8623284294647259
EEE/2014B,8,LogisticRegression,0.8379921701618332
EEE/2014B,8,RandomForest,0.8494252300326658
EEE/2014B,8,XGBoost,0.846736320641016
EEE/2014B,8,LightGBM,0.8519479008220499
EEE/2014J,8,LogisticRegression,0.8726967882669637
EEE/2014J,8,RandomForest,0.8694174672793094
EEE/2014J,8,XGBoost,0.8668430335097002
EEE/2014J,8,LightGBM,0.8782169544230948
FFF/2013B,8,LogisticRegression,0.8119866466653551
FFF/2013B,8,RandomForest,0.8378702599350777
FFF/2013B,8,XGBoost,0.8457665256738147
FFF/2013B,8,LightGBM,0.8513242671650599
FFF/2013J,8,LogisticRegression,0.8372176867610657
FFF/2013J,8,RandomForest,0.8608439801362175
FFF/2013J,8,XGBoost,0.8564203680642037
FFF/2013J,8,LightGBM,0.8671413526436358
FFF/2014B,8,LogisticRegression,0.8273291835657637
FFF/2014B,8,RandomForest,0.8562501355542542
FFF/2014B,8,XGBoost,0.8606140788455838
FFF/2014B,8,LightGBM,0.864913859789909
FFF/2014J,8,LogisticRegression,0.8738350205449579
FFF/2014J,8,RandomForest,0.894230051878888
FFF/2014J,8,XGBoost,0.8889338429401097
FFF/2014J,8,LightGBM,0.8994688726671718
GGG/2013J,8,LogisticRegression,0.6387340465465465
GGG/2013J,8,RandomForest,0.6187593843843844
GGG/2013J,8,XGBoost,0.6323714339339339
GGG/2013J,8,LightGBM,0.6412819069069069
GGG/2014B,8,LogisticRegression,0.636042194590135
GGG/2014B,8,RandomForest,0.6209617537863162
GGG/2014B,8,XGBoost,0.6411986563733868
GGG/2014B,8,LightGBM,0.6524839413047321
GGG/2014J,8,LogisticRegression,0.6550509525919364
GGG/2014J,8,RandomForest,0.6516061143110323
GGG/2014J,8,XGBoost,0.6805050952591936
GGG/2014J,8,LightGBM,0.6865271008713633
