Week,Model,Test_Module,Test_Presentation,N_train,N_test,AUROC,AUPRC,F1,Precision,Recall,Balanced_Acc
2,LogisticRegression,AAA,2013J,32210,383,0.6547790339157246,0.44356661496062405,0.3877551020408163,0.4175824175824176,0.3619047619047619,0.5856286399451867
2,RandomForest,AAA,2013J,32210,383,0.6749400479616307,0.48742107560063574,0.44,0.4631578947368421,0.41904761904761906,0.6177971908187736
2,XGBoost,AAA,2013J,32210,383,0.682322713257965,0.48931037849827286,0.38974358974358975,0.4222222222222222,0.3619047619047619,0.5874272010962659
2,LightGBM,AAA,2013J,32210,383,0.6812264474134977,0.5023725671705996,0.4365482233502538,0.4673913043478261,0.4095238095238095,0.6166324083590271
2,LogisticRegression,AAA,2014J,32228,365,0.6512210615471485,0.5283877780777557,0.43781094527363185,0.4943820224719101,0.39285714285714285,0.6074957651044608
2,RandomForest,AAA,2014J,32228,365,0.6210297854319594,0.4891397053311088,0.43317972350230416,0.44761904761904764,0.41964285714285715,0.5951969226425748
2,XGBoost,AAA,2014J,32228,365,0.6344226425748165,0.516637881412592,0.4326923076923077,0.46875,0.4017857142857143,0.600102343308865
2,LightGBM,AAA,2014J,32228,365,0.6555971202710333,0.5314716381467808,0.423963133640553,0.4380952380952381,0.4107142857142857,0.5887563523433088
2,LogisticRegression,BBB,2013B,30826,1767,0.7561239490913224,0.7805390027150573,0.739067755886593,0.6884512085944494,0.7977178423236515,0.6821714989949516
2,RandomForest,BBB,2013B,30826,1767,0.7700880515494283,0.8113253182199454,0.7252525252525253,0.7066929133858267,0.7448132780082988,0.6868524671486076
2,XGBoost,BBB,2013B,30826,1767,0.7703457728538726,0.805473696832101,0.7375886524822695,0.7207920792079208,0.7551867219917012,0.7020018292399353
2,LightGBM,BBB,2013B,30826,1767,0.7798840447905417,0.8173828750072738,0.7344064386317908,0.712890625,0.7572614107883817,0.6955671935635557
2,LogisticRegression,BBB,2013J,30356,2237,0.7894569534302736,0.8041267003944592,0.7372262773722628,0.6412698412698413,0.8669527896995708,0.6699502754468003
2,RandomForest,BBB,2013J,30356,2237,0.7758711805777977,0.7974699032108534,0.7185046728971962,0.6364238410596027,0.8248927038626609,0.6563829190955095
2,XGBoost,BBB,2013J,30356,2237,0.7805986163602587,0.8018469604516864,0.7325842696629213,0.6498338870431893,0.8394849785407725,0.6739402504644161
2,LightGBM,BBB,2013J,30356,2237,0.791664131061431,0.8145337413198095,0.731420161883738,0.6400515132002575,0.8532188841201717,0.6658818301197873
2,LogisticRegression,BBB,2014B,30980,1613,0.7662515796696898,0.7961771906149042,0.7419847328244275,0.6756255792400371,0.8227990970654627,0.6706842803071468
2,RandomForest,BBB,2014B,30980,1613,0.7621553059824071,0.8153213306888971,0.7254800207576544,0.6714697406340058,0.7889390519187359,0.6592563210075111
2,XGBoost,BBB,2014B,30980,1613,0.7832173097642993,0.8303963660689336,0.7391076115485564,0.6908734052993131,0.7945823927765236,0.6806474549852357
2,LightGBM,BBB,2014B,30980,1613,0.7906926017120979,0.8390324170283885,0.7456230690010298,0.6856060606060606,0.8171557562076749,0.68024225224414
2,LogisticRegression,BBB,2014J,30301,2292,0.755268107334308,0.7608161879341165,0.7046367287331142,0.6035021888680425,0.8464912280701754,0.6480720029239766
2,RandomForest,BBB,2014J,30301,2292,0.7549703795077973,0.7715232388184172,0.6982156710628394,0.6258692628650904,0.7894736842105263,0.6612298976608187
2,XGBoost,BBB,2014J,30301,2292,0.7668703551413256,0.7928028042848024,0.7054380664652568,0.6193633952254642,0.8192982456140351,0.6605171783625732
2,LightGBM,BBB,2014J,30301,2292,0.7814201845760234,0.8016825322758852,0.7150455927051672,0.6306970509383378,0.8254385964912281,0.6735699926900585
2,LogisticRegression,CCC,2014B,30657,1936,0.7693723570762525,0.8702777169607692,0.747141041931385,0.8106617647058824,0.6928515318146111,0.691071316435209
2,RandomForest,CCC,2014B,30657,1936,0.7762343320311991,0.8775636038305128,0.7470917707884532,0.8272900763358778,0.6810683424980362,0.704033417101205
2,XGBoost,CCC,2014B,30657,1936,0.7797432224445764,0.8775147551732132,0.7650273224043715,0.8227848101265823,0.7148468185388845,0.7096104379270591
2,LightGBM,CCC,2014B,30657,1936,0.7928001099527369,0.8892427680345081,0.7593628928110202,0.84,0.6928515318146111,0.71972893332812
2,LogisticRegression,CCC,2014J,30095,2498,0.7342465844430641,0.8130150193797243,0.7123955431754875,0.7365010799136069,0.6898179366149697,0.6646134018050218
2,RandomForest,CCC,2014J,30095,2498,0.7442462854884089,0.8129328715279147,0.6990363232023721,0.7761316872427984,0.6358732299393122,0.6839464671864048
2,XGBoost,CCC,2014J,30095,2498,0.7315971818541167,0.8082382064814158,0.7011866235167206,0.75115562403698,0.6574511126095752,0.6696122558121768
2,LightGBM,CCC,2014J,30095,2498,0.7524476081966724,0.8233220948651259,0.7028423772609819,0.7765089722675367,0.6419420094403236,0.6859956352620338
2,LogisticRegression,DDD,2013B,31290,1303,0.7244937319189971,0.8036542629829467,0.7334167709637046,0.7279503105590062,0.7389659520807061,0.6547770936874119
2,RandomForest,DDD,2013B,31290,1303,0.7383515070593182,0.808386153396212,0.6969909027291813,0.7830188679245284,0.6279949558638083,0.6787033602848453
2,XGBoost,DDD,2013B,31290,1303,0.7444675221917265,0.8230426965061161,0.6859154929577465,0.7767145135566188,0.6141235813366961,0.6698068887075637
2,LightGBM,DDD,2013B,31290,1303,0.7567811487772915,0.8326457976226415,0.7005649717514124,0.7961476725521669,0.6254728877679697,0.6882266399624162
2,LogisticRegression,DDD,2013J,30655,1938,0.7353612998593588,0.7861690118192024,0.7286821705426356,0.6974443528441879,0.7628494138863842,0.6600736816114672
2,RandomForest,DDD,2013J,30655,1938,0.7253842614598618,0.7897890438980129,0.6941066417212348,0.7210884353741497,0.6690712353471596,0.6614354970463181
2,XGBoost,DDD,2013J,30655,1938,0.7440009963442,0.8034397583966798,0.720112517580872,0.75,0.6925157799819658,0.6918549949367006
2,LightGBM,DDD,2013J,30655,1938,0.755432849555289,0.8122118605475096,0.7194312796208531,0.7582417582417582,0.6844003606853021,0.6962411936116498
2,LogisticRegression,DDD,2014B,31365,1228,0.7192136488177696,0.8101495977944948,0.7198417930125247,0.7109375,0.7289719626168224,0.6327532046904571
2,RandomForest,DDD,2014B,31365,1228,0.7108615244821908,0.8003308591078363,0.6777697320782042,0.740506329113924,0.6248331108144193,0.6412265762840363
2,XGBoost,DDD,2014B,31365,1228,0.7406785944237412,0.8270254337753178,0.6933139534883721,0.7607655502392344,0.636849132176235,0.6618483656705809
2,LightGBM,DDD,2014B,31365,1228,0.7476370721156393,0.8306747786479702,0.70995670995671,0.7723704866562009,0.6568758344459279,0.677080923486012
2,LogisticRegression,DDD,2014J,30790,1803,0.7555968937645496,0.8070092060969457,0.7270181987867476,0.6881625441696113,0.7705242334322453,0.6624085813625873
2,RandomForest,DDD,2014J,30790,1803,0.7514705661960855,0.8042317684292106,0.7085889570552147,0.7333333333333333,0.685459940652819,0.6836390612355003
2,XGBoost,DDD,2014J,30790,1803,0.7642329576676757,0.820830181169592,0.7187660668380462,0.7483940042826552,0.6913946587537092,0.6973387435182687
2,LightGBM,DDD,2014J,30790,1803,0.7783329087112469,0.8289843268544852,0.7267144319344934,0.7529162248144221,0.7022749752720079,0.7040415280400443
2,LogisticRegression,EEE,2013J,31541,1052,0.7656373361207175,0.7406187917315934,0.6486486486486487,0.6764705882352942,0.6230248306997742,0.7031380311134339
2,RandomForest,EEE,2013J,31541,1052,0.7584687179145029,0.7325744542058239,0.6420021762785637,0.6197478991596639,0.6659142212189616,0.6843528413155564
2,XGBoost,EEE,2013J,31541,1052,0.7681949093173503,0.7401103751895708,0.6580645161290323,0.6283367556468172,0.690744920993228,0.6967681912026895
2,LightGBM,EEE,2013J,31541,1052,0.783062193508212,0.758598255881903,0.6630434782608695,0.639412997903564,0.6884875846501128,0.7030286855927084
2,LogisticRegression,EEE,2014B,31899,694,0.7499106467512822,0.7726331871869611,0.6542056074766355,0.6885245901639344,0.6231454005934718,0.6785194790082205
2,RandomForest,EEE,2014B,31899,694,0.7536801070576599,0.7685803508195137,0.6696696696696697,0.6778115501519757,0.6617210682492581,0.6824011503711276
2,XGBoost,EEE,2014B,31899,694,0.7607992751996941,0.7812541227679535,0.6838124054462935,0.6975308641975309,0.6706231454005934,0.6980566707395124
2,LightGBM,EEE,2014B,31899,694,0.7815375408323568,0.7968853198215315,0.6952662721893491,0.6932153392330384,0.6973293768545994,0.7030064251219776
2,LogisticRegression,EEE,2014J,31405,1188,0.791272161886197,0.7580632277138339,0.6841085271317829,0.6685606060606061,0.7003968253968254,0.7222744360902256
2,RandomForest,EEE,2014J,31405,1188,0.7857273391812866,0.7503530669781577,0.6703499079189686,0.6254295532646048,0.7222222222222222,0.7017543859649122
2,XGBoost,EEE,2014J,31405,1188,0.784049243479068,0.7474588284178041,0.6745454545454546,0.62248322147651,0.7361111111111112,0.7035818713450293
2,LightGBM,EEE,2014J,31405,1188,0.807720980692472,0.770839593862148,0.6963636363636364,0.6426174496644296,0.7599206349206349,0.7242585630743525
2,LogisticRegression,FFF,2013B,30979,1614,0.7411346645681685,0.7631020809008975,0.6576750160565189,0.7062068965517241,0.6153846153846154,0.6715030493802873
2,RandomForest,FFF,2013B,30979,1614,0.7368695283297265,0.7700759393122221,0.6220971147079521,0.7504244482173175,0.53125,0.6716352301790282
2,XGBoost,FFF,2013B,30979,1614,0.7511465915797757,0.7895373228341253,0.6466060181945417,0.7738693467336684,0.5552884615384616,0.6913270952193586
2,LightGBM,FFF,2013B,30979,1614,0.7550282498032658,0.7885656122353253,0.6362359550561798,0.7652027027027027,0.5444711538461539,0.6833608966161715
2,LogisticRegression,FFF,2013J,30310,2283,0.7656903894346816,0.7993222594093001,0.7060312104597216,0.7075232459847844,0.7045454545454546,0.6942818596928186
2,RandomForest,FFF,2013J,30310,2283,0.7673842688682871,0.8013213538249305,0.679368029739777,0.758298755186722,0.6153198653198653,0.7012672385960057
2,XGBoost,FFF,2013J,30310,2283,0.7781406146702949,0.8163991283464817,0.6918238993710691,0.7418111753371869,0.6481481481481481,0.7016996448503298
2,LightGBM,FFF,2013J,30310,2283,0.7921375090324861,0.8254823610110016,0.6958929395477619,0.7701736465781409,0.6346801346801347,0.71460034131267
2,LogisticRegression,FFF,2014B,31093,1500,0.757657911669233,0.7963602688481823,0.71922377198302,0.7384806973848069,0.7009456264775413,0.6899223545231743
2,RandomForest,FFF,2014B,31093,1500,0.7530047859688694,0.8058427451477275,0.6866840731070496,0.7667638483965015,0.6217494089834515,0.688550545470319
2,XGBoost,FFF,2014B,31093,1500,0.7710127167964373,0.822075975357755,0.69921875,0.7782608695652173,0.6347517730496454,0.7004034094606024
2,LightGBM,FFF,2014B,31093,1500,0.7734770931384245,0.8224204831910971,0.6847323198942499,0.7766116941529235,0.6122931442080378,0.692232199015334
2,LogisticRegression,FFF,2014J,30228,2365,0.7949478341712003,0.8212645811586081,0.749902761571373,0.7286470143613001,0.7724358974358975,0.7255196497027294
2,RandomForest,FFF,2014J,30228,2365,0.7844967346142367,0.8218420462409797,0.7049873203719358,0.7459749552772809,0.6682692307692307,0.7070083844087873
2,XGBoost,FFF,2014J,30228,2365,0.7936702304708124,0.8309714419900909,0.7212426532325776,0.7574955908289241,0.688301282051282,0.7210530582145398
2,LightGBM,FFF,2014J,30228,2365,0.815364386061566,0.8465065800813332,0.7332185886402753,0.79182156133829,0.6826923076923077,0.7410775773018388
2,LogisticRegression,GGG,2013J,31641,952,0.6569679054054053,0.5340888590896669,0.5669781931464174,0.4527363184079602,0.7583333333333333,0.6004504504504504
2,RandomForest,GGG,2013J,31641,952,0.6131052927927927,0.5034605566694754,0.5174488567990373,0.4564755838641189,0.5972222222222222,0.5823948948948949
2,XGBoost,GGG,2013J,31641,952,0.6201365427927927,0.5020446476516938,0.4993464052287582,0.47160493827160493,0.5305555555555556,0.5845345345345345
2,LightGBM,GGG,2013J,31641,952,0.6339339339339339,0.5075942001734197,0.5098039215686274,0.48148148148148145,0.5416666666666666,0.5934684684684685
2,LogisticRegression,GGG,2014B,31760,833,0.6605722199304614,0.5847870589079356,0.6226203807390818,0.516728624535316,0.7830985915492957,0.6195827685779951
2,RandomForest,GGG,2014B,31760,833,0.622832812776239,0.5678364019233909,0.5506072874493927,0.5284974093264249,0.5746478873239437,0.5969473746243149
2,XGBoost,GGG,2014B,31760,833,0.6245594908362307,0.5561889689387609,0.5131195335276968,0.5317220543806647,0.49577464788732395,0.5857534327302729
2,LightGBM,GGG,2014B,31760,833,0.6520743709116624,0.570811174723854,0.5368731563421829,0.5634674922600619,0.5126760563380282,0.6088484884200601
2,LogisticRegression,GGG,2014J,31844,749,0.6831819524442475,0.6167672586882689,0.6002460024600246,0.48031496062992124,0.8,0.6027027027027028
2,RandomForest,GGG,2014J,31844,749,0.6647245606262001,0.588249738068078,0.5688350983358548,0.5280898876404494,0.6163934426229508,0.6190075321222862
2,XGBoost,GGG,2014J,31844,749,0.6602754393738,0.5752730554838759,0.5641838351822503,0.5460122699386503,0.5836065573770491,0.6251366120218579
2,LightGBM,GGG,2014J,31844,749,0.678433761630483,0.6098299425549475,0.5448717948717948,0.5329153605015674,0.5573770491803278,0.6108957317973711
4,LogisticRegression,AAA,2013J,32210,383,0.6920863309352518,0.5087638463322426,0.44808743169398907,0.5256410256410257,0.3904761904761905,0.6286913326481672
4,RandomForest,AAA,2013J,32210,383,0.7301815690304899,0.5402340641346036,0.4933920704845815,0.45901639344262296,0.5333333333333333,0.6479616306954437
4,XGBoost,AAA,2013J,32210,383,0.7042480301473106,0.5248952309042895,0.4774774774774775,0.452991452991453,0.5047619047619047,0.6372730387118877
4,LightGBM,AAA,2013J,32210,383,0.7407331277834875,0.5721484160551703,0.49107142857142855,0.46218487394957986,0.5238095238095238,0.6467968482356972
4,LogisticRegression,AAA,2014J,32228,365,0.7082156973461321,0.5877248498063145,0.5051546391752577,0.5975609756097561,0.4375,0.6535326086956521
4,RandomForest,AAA,2014J,32228,365,0.69432876905703,0.5929360900942511,0.4838709677419355,0.4411764705882353,0.5357142857142857,0.6176595143986447
4,XGBoost,AAA,2014J,32228,365,0.7137916431394692,0.6231823757162992,0.5361702127659574,0.5121951219512195,0.5625,0.6626729249011858
4,LightGBM,AAA,2014J,32228,365,0.7268492377188029,0.6372356050749493,0.5666666666666667,0.53125,0.6071428571428571,0.6849943534726144
4,LogisticRegression,BBB,2013B,30826,1767,0.8024782583982266,0.8397520665773125,0.734163508391987,0.7678369195922989,0.7033195020746889,0.7240134247608812
4,RandomForest,BBB,2013B,30826,1767,0.8268242017744661,0.8744394740266476,0.7565858798735511,0.7687366167023555,0.7448132780082988,0.737910997659193
4,XGBoost,BBB,2013B,30826,1767,0.8247430537972229,0.8721776889288804,0.7574152542372882,0.7738095238095238,0.741701244813278,0.7407136361052691
4,LightGBM,BBB,2013B,30826,1767,0.8366718684600796,0.8794466908969504,0.7653006918573709,0.7857923497267759,0.745850622406639,0.750882969982896
4,LogisticRegression,BBB,2013J,30356,2237,0.8346566523605151,0.8666608615130491,0.7594617325483599,0.7444352844187964,0.7751072961373391,0.7429640958298636
4,RandomForest,BBB,2013J,30356,2237,0.829872365639613,0.8675234210109567,0.7485852869846402,0.7074102368220015,0.7948497854077253,0.7187868330023701
4,XGBoost,BBB,2013J,30356,2237,0.8233385113061302,0.8683361602528384,0.747163695299838,0.7075978511128166,0.7914163090128755,0.7180029306258408
4,LightGBM,BBB,2013J,30356,2237,0.8376297162257382,0.8759017805329132,0.7576736672051696,0.7154843630816171,0.8051502145922746,0.7286012266991224
4,LogisticRegression,BBB,2014B,30980,1613,0.816373295742111,0.8616996316111153,0.758505298382599,0.7497243660418964,0.7674943566591422,0.7276261329375491
4,RandomForest,BBB,2014B,30980,1613,0.8271034058765265,0.8793332113264674,0.7569030860855441,0.7273673257023934,0.7889390519187359,0.7142769537447875
4,XGBoost,BBB,2014B,30980,1613,0.8227820195553016,0.879675515745202,0.7527114967462039,0.7244258872651357,0.7832957110609481,0.7100797674974617
4,LightGBM,BBB,2014B,30980,1613,0.8334182033838311,0.885933403393476,0.7618014107433533,0.7335423197492164,0.7923250564334086,0.7207842613666355
4,LogisticRegression,BBB,2014J,30301,2292,0.6655351486354776,0.6133589937747962,0.669411280362289,0.630721489526765,0.7131578947368421,0.6499817251461988
4,RandomForest,BBB,2014J,30301,2292,0.7537162676656921,0.7956038302480073,0.6701195219123506,0.6138686131386861,0.737719298245614,0.6392589546783626
4,XGBoost,BBB,2014J,30301,2292,0.7344332510964913,0.772248864589794,0.681783243658724,0.606703146374829,0.7780701754385965,0.639469115497076
4,LightGBM,BBB,2014J,30301,2292,0.7549166971247564,0.7982506819075313,0.6847826086956522,0.6142061281337048,0.7736842105263158,0.646390716374269
4,LogisticRegression,CCC,2014B,30657,1936,0.8415531298022865,0.9180642656769705,0.7970765262252795,0.8803418803418803,0.7282010997643362,0.769077925447779
4,RandomForest,CCC,2014B,30657,1936,0.8422172301152014,0.9130125055717994,0.8261904761904761,0.834803528468324,0.8177533385703064,0.7535222198130567
4,XGBoost,CCC,2014B,30657,1936,0.8454263571402335,0.9176583210709314,0.8249118683901293,0.82265625,0.8271798900235664,0.7423983914672885
4,LightGBM,CCC,2014B,30657,1936,0.8539346610600249,0.9218587431641214,0.8346394984326019,0.8326817826426895,0.8366064414768264,0.7569155887625459
4,LogisticRegression,CCC,2014J,30095,2498,0.8005859511242355,0.8700811581678639,0.6989422294548413,0.8810256410256411,0.5792312879298719,0.7324727868220788
4,RandomForest,CCC,2014J,30095,2498,0.8299951170739648,0.8829347077060101,0.7601945379723157,0.853781512605042,0.6850977747808497,0.7568346016761391
4,XGBoost,CCC,2014J,30095,2498,0.81649366050045,0.877752827442046,0.7552083333333334,0.8423236514522822,0.6844234659474039,0.7486156738604015
4,LightGBM,CCC,2014J,30095,2498,0.8376566605436324,0.8899582554093286,0.7697441601779755,0.8550247116968699,0.6999325691166555,0.7632667771691652
4,LogisticRegression,DDD,2013B,31290,1303,0.7885369532428357,0.8522307650556986,0.773109243697479,0.7376861397479955,0.8121059268600253,0.681543159508444
4,RandomForest,DDD,2013B,31290,1303,0.8487723462651138,0.9045540425806242,0.7810979847116053,0.8699690402476781,0.7087011349306431,0.771997626288851
4,XGBoost,DDD,2013B,31290,1303,0.8528521623024998,0.9098539773679397,0.7886563133018231,0.8488372093023255,0.7364438839848676,0.7662611576787083
4,LightGBM,DDD,2013B,31290,1303,0.8615508246173627,0.9150798832345153,0.7940379403794038,0.8579795021961932,0.7389659520807061,0.7743849368246668
4,LogisticRegression,DDD,2013J,30655,1938,0.8256816419230313,0.8730814532896962,0.7554502369668247,0.7962037962037962,0.7186654643823264,0.7362929251947821
4,RandomForest,DDD,2013J,30655,1938,0.8502786174310201,0.8944245249607274,0.7793070716658757,0.8226452905811623,0.7403065825067628,0.7633981645947565
4,XGBoost,DDD,2013J,30655,1938,0.8428511759798382,0.8928087998626555,0.7708432586946165,0.8171717171717172,0.7294860234445446,0.7555753398284243
4,LightGBM,DDD,2013J,30655,1938,0.8546767809380647,0.8985934740652352,0.7791087685673215,0.8312883435582822,0.7330928764652841,0.7670289472796867
4,LogisticRegression,DDD,2014B,31365,1228,0.8045717184499305,0.8769685779009251,0.7641242937853108,0.8110944527736131,0.7222963951935915,0.7296241892460651
4,RandomForest,DDD,2014B,31365,1228,0.8370367170144744,0.8981454685103316,0.7853624208304011,0.8303571428571429,0.7449933244325768,0.7534987498989607
4,XGBoost,DDD,2014B,31365,1228,0.8484632258460132,0.9069135171889428,0.7968860580325549,0.8478915662650602,0.7516688918558078,0.770406470980096
4,LightGBM,DDD,2014B,31365,1228,0.8490847922490949,0.9076462191143639,0.7935393258426966,0.837037037037037,0.7543391188251002,0.7623470124396899
4,LogisticRegression,DDD,2014J,30790,1803,0.8255702424841891,0.873878158854842,0.7622909275215408,0.7817047817047817,0.7438180019782393,0.7393332434133622
4,RandomForest,DDD,2014J,30790,1803,0.8329062134700118,0.879294708916531,0.782,0.7906976744186046,0.7734915924826904,0.7560639780595271
4,XGBoost,DDD,2014J,30790,1803,0.8326039824556144,0.8834271302108477,0.7659147869674185,0.7764227642276422,0.7556874381800198,0.7389548302011211
4,LightGBM,DDD,2014J,30790,1803,0.8455112449919573,0.891552110177761,0.7779448621553885,0.7886178861788617,0.7675568743818002,0.7524653058777688
4,LogisticRegression,EEE,2013J,31541,1052,0.749450492425506,0.7356525058442178,0.6307053941908713,0.49868766404199477,0.8577878103837472,0.6152650053560772
4,RandomForest,EEE,2013J,31541,1052,0.7949104293387006,0.7807343697014911,0.6751445086705202,0.6919431279620853,0.6591422121896162,0.7228387579831497
4,XGBoost,EEE,2013J,31541,1052,0.7922954034108389,0.7808781665240657,0.6635294117647059,0.6928746928746928,0.636568848758465,0.7156571665795609
4,LightGBM,EEE,2013J,31541,1052,0.8025868555564204,0.7913322609255551,0.6786570743405276,0.7237851662404092,0.6388261851015802,0.7307431418118738
4,LogisticRegression,EEE,2014B,31899,694,0.7426044601816988,0.760868841237348,0.6839012925969448,0.566147859922179,0.8635014836795252,0.6194258118677738
4,RandomForest,EEE,2014B,31899,694,0.7812216874880515,0.8144305708838996,0.6822429906542056,0.7180327868852459,0.6498516320474778,0.7044776367520302
4,XGBoost,EEE,2014B,31899,694,0.7946454546210175,0.8215449621445408,0.6827697262479872,0.7464788732394366,0.629080118694362,0.7136997232127272
4,LightGBM,EEE,2014B,31899,694,0.7924344812108819,0.821515805922072,0.689873417721519,0.7389830508474576,0.6468842729970327,0.7155989992436144
4,LogisticRegression,EEE,2014J,31405,1188,0.7734208205699433,0.7537834256290149,0.628,0.47289156626506024,0.9345238095238095,0.5834899749373433
4,RandomForest,EEE,2014J,31405,1188,0.8101518263250719,0.7921084768966038,0.6901669758812616,0.6480836236933798,0.7380952380952381,0.7213868003341688
4,XGBoost,EEE,2014J,31405,1188,0.8012305068226121,0.7851774472399042,0.6892655367231638,0.6559139784946236,0.7261904761904762,0.7227443609022557
4,LightGBM,EEE,2014J,31405,1188,0.8282642369813423,0.8080301242792447,0.7189542483660131,0.6790123456790124,0.7638888888888888,0.7489035087719298
4,LogisticRegression,FFF,2013B,30979,1614,0.7850033198898289,0.8145532198628757,0.6412325752017608,0.8229755178907722,0.5252403846153846,0.702517890517411
4,RandomForest,FFF,2013B,30979,1614,0.791408709177651,0.8329808754583592,0.6522064323111444,0.8633663366336634,0.5240384615384616,0.7179015837104072
4,XGBoost,FFF,2013B,30979,1614,0.7875808454652764,0.8269076979605043,0.6402349486049926,0.8226415094339623,0.5240384615384616,0.7019169289789495
4,LightGBM,FFF,2013B,30979,1614,0.8063382229982294,0.8430492462260394,0.6440422322775264,0.8643724696356275,0.5132211538461539,0.7137717022427701
4,LogisticRegression,FFF,2013J,30310,2283,0.8138738988054057,0.8521674924950358,0.7110899571632556,0.8181818181818182,0.6287878787878788,0.7385948526359485
4,RandomForest,FFF,2013J,30310,2283,0.8115792629491261,0.8520297215270991,0.7065750736015701,0.8470588235294118,0.6060606060606061,0.7436695724366957
4,XGBoost,FFF,2013J,30310,2283,0.8142682533093492,0.8538826999822313,0.7157598499061913,0.8082627118644068,0.6422558922558923,0.7384795443014621
4,LightGBM,FFF,2013J,30310,2283,0.8255926848392601,0.8634093889150862,0.703318474492323,0.8543922984356197,0.5976430976430976,0.7435704072690374
4,LogisticRegression,FFF,2014B,31093,1500,0.8031698006810246,0.8569639327778629,0.6966136834830684,0.8386023294509152,0.5957446808510638,0.7237133190188041
4,RandomForest,FFF,2014B,31093,1500,0.798099167877618,0.8589797072622115,0.6878083157152924,0.8516579406631762,0.5768321513002365,0.7234313661699959
4,XGBoost,FFF,2014B,31093,1500,0.8047928369517282,0.8619114064534329,0.6995208761122519,0.8308943089430895,0.6040189125295509,0.7224987529008611
4,LightGBM,FFF,2014B,31093,1500,0.81731082048279,0.8713737160349633,0.6990838618745595,0.8656195462478184,0.5862884160756501,0.734275706508773
4,LogisticRegression,FFF,2014J,30228,2365,0.8457671934898883,0.8781056149921083,0.750766535260622,0.8280193236714976,0.686698717948718,0.7636716508275372
4,RandomForest,FFF,2014J,30228,2365,0.8346478806556021,0.8734475357208932,0.7388422448077773,0.8236453201970443,0.6698717948717948,0.754810561715217
4,XGBoost,FFF,2014J,30228,2365,0.8296052556068223,0.8703931270773131,0.74263431542461,0.8084905660377358,0.686698717948718,0.7524809614810735
4,LightGBM,FFF,2014J,30228,2365,0.8442625479191056,0.8821372969115735,0.7419928825622776,0.834,0.6682692307692307,0.7598284381240961
4,LogisticRegression,GGG,2013J,31641,952,0.6484539226726727,0.521510563994529,0.5584415584415584,0.3944954128440367,0.9555555555555556,0.5318318318318318
4,RandomForest,GGG,2013J,31641,952,0.594512481231231,0.49149931050238216,0.4953051643192488,0.42886178861788615,0.5861111111111111,0.5557244744744745
4,XGBoost,GGG,2013J,31641,952,0.6245964714714715,0.5014653149064789,0.519280205655527,0.48325358851674644,0.5611111111111111,0.5981231231231231
4,LightGBM,GGG,2013J,31641,952,0.6337626689189189,0.4982348339725833,0.5032258064516129,0.46987951807228917,0.5416666666666666,0.5850225225225225
4,LogisticRegression,GGG,2014B,31760,833,0.6697860804997348,0.591561457585684,0.6201269265639165,0.4572192513368984,0.9633802816901409,0.5570039483764512
4,RandomForest,GGG,2014B,31760,833,0.6212416759974071,0.550104271224855,0.5270457697642164,0.5191256830601093,0.5352112676056338,0.5835052153927751
4,XGBoost,GGG,2014B,31760,833,0.6399787848429489,0.547057465116697,0.5295857988165681,0.557632398753894,0.504225352112676,0.6035771112027815
4,LightGBM,GGG,2014B,31760,833,0.6554304908951618,0.5655308160359921,0.5416666666666666,0.5741324921135647,0.5126760563380282,0.6151246390476752
4,LogisticRegression,GGG,2014J,31844,749,0.6694875203071925,0.6085700961935598,0.5955284552845529,0.43151693667157587,0.9606557377049181,0.5456431841677744
4,RandomForest,GGG,2014J,31844,749,0.6490031014621178,0.5881922289221166,0.5705426356589147,0.5411764705882353,0.6032786885245902,0.6259636685866194
4,XGBoost,GGG,2014J,31844,749,0.6414414414414414,0.5820009356273985,0.538961038961039,0.5337620578778135,0.5442622950819672,0.6088428592526953
4,LightGBM,GGG,2014J,31844,749,0.690743612464924,0.6151670188014903,0.5611745513866232,0.5584415584415584,0.5639344262295082,0.628814059961601
6,LogisticRegression,AAA,2013J,32210,383,0.7112367249057896,0.5397451505677533,0.5125628140703518,0.5425531914893617,0.4857142857142857,0.6655190133607399
6,RandomForest,AAA,2013J,32210,383,0.7324768756423433,0.5779681497570912,0.5,0.423841059602649,0.6095238095238096,0.6482870846180199
6,XGBoost,AAA,2013J,32210,383,0.7250770811921892,0.5935177937189845,0.5102880658436214,0.4492753623188406,0.5904761904761905,0.6585474477560809
6,LightGBM,AAA,2013J,32210,383,0.7539910928400138,0.6183905275791536,0.5349794238683128,0.47101449275362317,0.6190476190476191,0.6782288454950325
6,LogisticRegression,AAA,2014J,32228,365,0.7164384528514963,0.6128321098642538,0.507177033492823,0.5463917525773195,0.4732142857142857,0.6496506211180124
6,RandomForest,AAA,2014J,32228,365,0.7007516939582158,0.5952695217958925,0.5375494071146245,0.48226950354609927,0.6071428571428571,0.6593026538678712
6,XGBoost,AAA,2014J,32228,365,0.7112507058159232,0.6319766046821021,0.5375494071146245,0.48226950354609927,0.6071428571428571,0.6593026538678712
6,LightGBM,AAA,2014J,32228,365,0.7238848108413325,0.6432389267511699,0.5615384615384615,0.49324324324324326,0.6517857142857143,0.6776715132693394
6,LogisticRegression,BBB,2013B,30826,1767,0.8135053714545558,0.855004081523458,0.7337078651685394,0.8002450980392157,0.6773858921161826,0.7371985500431473
6,RandomForest,BBB,2013B,30826,1767,0.8268254936105786,0.8750635538708248,0.7566165023352361,0.7570093457943925,0.7562240663900415,0.7324084217379846
6,XGBoost,BBB,2013B,30826,1767,0.8254173922479499,0.8728039283253021,0.7569803516028956,0.7546391752577319,0.7593360995850622,0.7314737783105885
6,LightGBM,BBB,2013B,30826,1767,0.84340104277011,0.8844409329561695,0.7690710949662688,0.7694704049844237,0.7686721991701245,0.746104468202746
6,LogisticRegression,BBB,2013J,30356,2237,0.8414307219268464,0.8764676520663075,0.7559765448804691,0.7965779467680608,0.7193133047210301,0.7598432195246941
6,RandomForest,BBB,2013J,30356,2237,0.8290420216513997,0.866147871643008,0.7530769230769231,0.6822299651567945,0.8403433476394849,0.7074851066555634
6,XGBoost,BBB,2013J,30356,2237,0.8329871564922169,0.8716685203780921,0.7556062333713417,0.6780354706684857,0.8532188841201717,0.7064601883287425
6,LightGBM,BBB,2013J,30356,2237,0.8444734482095958,0.8822946544251005,0.7631874298540965,0.6763925729442971,0.8755364806866953,0.7101563000448402
6,LogisticRegression,BBB,2014B,30980,1613,0.8218675965112199,0.8685391499464743,0.7514450867052023,0.7701421800947867,0.7336343115124153,0.7333921213683122
6,RandomForest,BBB,2014B,30980,1613,0.8400761035952816,0.887321551798613,0.7679413305395495,0.7165200391006843,0.827313769751693,0.7142070912032192
6,XGBoost,BBB,2014B,30980,1613,0.8319386700035087,0.8832575818682858,0.7643765903307888,0.696014828544949,0.8476297968397292,0.698230304197031
6,LightGBM,BBB,2014B,30980,1613,0.8419383284533055,0.8900734499513552,0.7711340206185567,0.7096774193548387,0.8442437923250564,0.7116679759424457
6,LogisticRegression,BBB,2014J,30301,2292,0.7226760477582845,0.7062351824773387,0.6699710863279636,0.6330991412958626,0.7114035087719298,0.6517086988304093
6,RandomForest,BBB,2014J,30301,2292,0.7519675925925926,0.7850289349097246,0.6828125,0.6154929577464788,0.7666666666666667,0.6463541666666667
6,XGBoost,BBB,2014J,30301,2292,0.7389676991959064,0.7801483056801565,0.6868537666174298,0.5931122448979592,0.8157894736842105,0.630985014619883
6,LightGBM,BBB,2014J,30301,2292,0.7630200718810916,0.804515992250544,0.6885496183206107,0.6094594594594595,0.7912280701754386,0.6447459795321637
6,LogisticRegression,CCC,2014B,30657,1936,0.8705614580112062,0.9351935097841653,0.8250934773577067,0.8756613756613757,0.7800471327572663,0.7836887247496739
6,RandomForest,CCC,2014B,30657,1936,0.8923363653274471,0.9449006543112736,0.8514217060472568,0.8684640522875817,0.8350353495679497,0.7960998768955887
6,XGBoost,CCC,2014B,30657,1936,0.8921989244063087,0.946519416425656,0.8534176214934809,0.8585055643879174,0.8483896307934015,0.7899565046878018
6,LightGBM,CCC,2014B,30657,1936,0.9001029622073012,0.9505804891778405,0.8571428571428571,0.8735725938009788,0.8413197172034564,0.8037669475911702
6,LogisticRegression,CCC,2014J,30095,2498,0.826799623981478,0.891389894717271,0.7473118279569892,0.8679750223015165,0.6561024949426838,0.7551448435304552
6,RandomForest,CCC,2014J,30095,2498,0.8685546206763682,0.9154768913023825,0.7876712328767124,0.9039301310043668,0.6979096426163183,0.7947676291899326
6,XGBoost,CCC,2014J,30095,2498,0.8546103790412857,0.9060095649625779,0.7736346516007533,0.8762798634812287,0.6925151719487526,0.7748290145458048
6,LightGBM,CCC,2014J,30095,2498,0.869497656527675,0.9164933117395737,0.7827403482210447,0.8921484037963762,0.6972353337828725,0.7870413122116333
6,LogisticRegression,DDD,2013B,31290,1303,0.8224711322107657,0.8873827062579206,0.7686006825938566,0.8377976190476191,0.7099621689785625,0.7481183393912421
6,RandomForest,DDD,2013B,31290,1303,0.8631765694928665,0.9132845083072281,0.8,0.8550932568149211,0.7515762925598991,0.7767685384368124
6,XGBoost,DDD,2013B,31290,1303,0.8681576539821477,0.9179088359202283,0.7997275204359673,0.8696296296296296,0.7402269861286255,0.7838389832603911
6,LightGBM,DDD,2013B,31290,1303,0.8722968127982593,0.921503591623807,0.8153638814016172,0.8755426917510853,0.7629255989911727,0.7971490740053904
6,LogisticRegression,DDD,2013J,30655,1938,0.8336861145948109,0.8826831020472088,0.7639282341831917,0.8017839444995044,0.7294860234445446,0.7441157499611143
6,RandomForest,DDD,2013J,30655,1938,0.851849273571535,0.895213157664102,0.790032302722658,0.8090737240075614,0.7718665464382326,0.7640997388403468
6,XGBoost,DDD,2013J,30655,1938,0.8455182458250894,0.8939900673933304,0.7774148390107326,0.8056092843326886,0.7511271415689811,0.7543331727145267
6,LightGBM,DDD,2013J,30655,1938,0.857973636036334,0.9007139746837056,0.7882736156351792,0.8144230769230769,0.763751127141569,0.7654702559712669
6,LogisticRegression,DDD,2014B,31365,1228,0.8173932675717938,0.8884774838964876,0.7678062678062678,0.8229007633587786,0.719626168224299,0.7387274891225879
6,RandomForest,DDD,2014B,31365,1228,0.8510414721368226,0.90816083243095,0.7997208653175157,0.8377192982456141,0.7650200267022697,0.7666436250421578
6,XGBoost,DDD,2014B,31365,1228,0.8484269910332776,0.9068363989805803,0.8036465638148668,0.8463810930576071,0.7650200267022697,0.7739505143949761
6,LightGBM,DDD,2014B,31365,1228,0.8558021690716362,0.9113097834920535,0.8096551724137931,0.8373751783166904,0.7837116154873164,0.7728578954263304
6,LogisticRegression,DDD,2014J,30790,1803,0.8305145920131083,0.8831498348788192,0.7597137014314929,0.7862433862433862,0.734915924826904,0.7399327098881995
6,RandomForest,DDD,2014J,30790,1803,0.8584940652818991,0.9015350483091615,0.7736670293797606,0.8597339782345829,0.7032640949554896,0.7783997242454215
6,XGBoost,DDD,2014J,30790,1803,0.8460332803804613,0.8960096558145499,0.766050054406964,0.8512696493349455,0.6963402571711177,0.7705186134340437
6,LightGBM,DDD,2014J,30790,1803,0.8667198693163085,0.9089719439829615,0.7757111597374179,0.8678090575275398,0.7012858555885262,0.782461109612445
6,LogisticRegression,EEE,2013J,31541,1052,0.8534028696712592,0.8596077264485135,0.7378129117259552,0.8860759493670886,0.6320541760722348,0.786470437789812
6,RandomForest,EEE,2013J,31541,1052,0.8499445859140728,0.8487170108769783,0.7386503067484662,0.8091397849462365,0.6794582392776524,0.7814368372086127
6,XGBoost,EEE,2013J,31541,1052,0.8447071208027075,0.8452000506842142,0.738498789346247,0.7963446475195822,0.6884875846501128,0.7802043834580614
6,LightGBM,EEE,2013J,31541,1052,0.8621227116206487,0.8582608925477648,0.7377450980392157,0.806970509383378,0.6794582392776524,0.7806158191462154
6,LogisticRegression,EEE,2014B,31899,694,0.8335619114114488,0.8666401840353699,0.7173144876325088,0.8864628820960698,0.6023738872403561,0.7647723777938475
6,RandomForest,EEE,2014B,31899,694,0.8491717161642105,0.8825375254526675,0.7384615384615385,0.8709677419354839,0.6409495548961425,0.7756568502772029
6,XGBoost,EEE,2014B,31899,694,0.8504185056812044,0.8812346004170308,0.7541528239202658,0.8566037735849057,0.6735905044510386,0.7835739637101131
6,LightGBM,EEE,2014B,31899,694,0.8594203259938991,0.8884151578787356,0.7474402730375427,0.8795180722891566,0.6498516320474778,0.7829090093010498
6,LogisticRegression,EEE,2014J,31405,1188,0.8687372366100437,0.8754963119627291,0.7494407158836689,0.8589743589743589,0.6646825396825397,0.7921365914786967
6,RandomForest,EEE,2014J,31405,1188,0.8757977118722732,0.8730621234196031,0.7526881720430108,0.8215962441314554,0.6944444444444444,0.7916666666666666
6,XGBoost,EEE,2014J,31405,1188,0.8716467093660076,0.872182615983318,0.758985200845666,0.8122171945701357,0.7123015873015873,0.7954782790309106
6,LightGBM,EEE,2014J,31405,1188,0.8806231435069155,0.8788782895564589,0.7636363636363637,0.8283062645011601,0.7083333333333334,0.8000730994152048
6,LogisticRegression,FFF,2013B,30979,1614,0.7976219752114893,0.827138851248556,0.6642703091301222,0.8264758497316637,0.5552884615384616,0.7156237704111745
6,RandomForest,FFF,2013B,30979,1614,0.8011939307495574,0.8427230579063678,0.6676492262343404,0.8628571428571429,0.5444711538461539,0.7261997712964785
6,XGBoost,FFF,2013B,30979,1614,0.8034748180208539,0.8405675797767129,0.6542324246771879,0.8113879003558719,0.5480769230769231,0.7062635254770805
6,LightGBM,FFF,2013B,30979,1614,0.8180316127287035,0.8539317688385366,0.6755162241887905,0.8740458015267175,0.5504807692307693,0.733040896124336
6,LogisticRegression,FFF,2013J,30310,2283,0.8221714865550482,0.860063574358158,0.7221702525724977,0.8126315789473684,0.6498316498316499,0.7436372861030396
6,RandomForest,FFF,2013J,30310,2283,0.8232446227880018,0.8608058505919247,0.7184373511195807,0.827661909989023,0.6346801346801347,0.7456505696231723
6,XGBoost,FFF,2013J,30310,2283,0.8265232230985655,0.8650670320099432,0.7405355493998154,0.820040899795501,0.6750841750841751,0.7571767907384346
6,LightGBM,FFF,2013J,30310,2283,0.8347516258475163,0.8704864690428958,0.7237912876974629,0.8390677025527192,0.6363636363636364,0.7519717725197177
6,LogisticRegression,FFF,2014B,31093,1500,0.8102457327520767,0.8657482816947535,0.7144790257104194,0.8354430379746836,0.624113475177305,0.7325460342247381
6,RandomForest,FFF,2014B,31093,1500,0.8148789771618192,0.8707431978634117,0.709366391184573,0.8498349834983498,0.6087470449172577,0.7348016570152038
6,XGBoost,FFF,2014B,31093,1500,0.8244608555461571,0.8805282794237494,0.7346666666666667,0.8425076452599388,0.6513002364066194,0.7469039408332792
6,LightGBM,FFF,2014B,31093,1500,0.8291645881681018,0.8818402253809088,0.7224126113776559,0.8597063621533442,0.6229314420803782,0.745716485566183
6,LogisticRegression,FFF,2014J,30228,2365,0.8552634976929965,0.8881604210461653,0.767052767052767,0.8254847645429363,0.7163461538461539,0.7735714654638111
6,RandomForest,FFF,2014J,30228,2365,0.8428156491747585,0.8830593799580525,0.7484608619173263,0.8294346978557505,0.6818910256410257,0.7626106873952667
6,XGBoost,FFF,2014J,30228,2365,0.8530755744553864,0.8886346700745519,0.7734342160571669,0.8134394341290893,0.7371794871794872,0.7741403255055896
6,LightGBM,FFF,2014J,30228,2365,0.8557850125106168,0.8928102199637278,0.7637149028077754,0.8284910965323337,0.7083333333333334,0.7722508206505521
6,LogisticRegression,GGG,2013J,31641,952,0.6304054054054054,0.49626098341384484,0.5504587155963303,0.379746835443038,1.0,0.5033783783783784
6,RandomForest,GGG,2013J,31641,952,0.6044481981981982,0.49264055863906997,0.5029377203290247,0.43584521384928715,0.5944444444444444,0.5632695195195195
6,XGBoost,GGG,2013J,31641,952,0.6227641704204203,0.4879505498450735,0.5110246433203631,0.4793187347931874,0.5472222222222223,0.5928678678678678
6,LightGBM,GGG,2013J,31641,952,0.6307667042042042,0.49745129107387276,0.5111402359108781,0.4838709677419355,0.5416666666666666,0.5951576576576576
6,LogisticRegression,GGG,2014B,31760,833,0.6445812953032,0.5471206415380491,0.5986509274873525,0.42719614921780985,1.0,0.502092050209205
6,RandomForest,GGG,2014B,31760,833,0.6049060050680652,0.5371314150149581,0.5123287671232877,0.49866666666666665,0.5267605633802817,0.5667275620248688
6,XGBoost,GGG,2014B,31760,833,0.6281866933820495,0.5398958642995564,0.5357643758765779,0.5335195530726257,0.5380281690140845,0.594327892038423
6,LightGBM,GGG,2014B,31760,833,0.6542931227532559,0.5627092695034186,0.546742209631728,0.5498575498575499,0.543661971830986,0.6065590193882964
6,LogisticRegression,GGG,2014J,31844,749,0.6510042829714962,0.5622625082180159,0.580952380952381,0.40939597315436244,1.0,0.5045045045045045
6,RandomForest,GGG,2014J,31844,749,0.6395510264362724,0.5803071404905129,0.5343283582089552,0.4904109589041096,0.5868852459016394,0.5839831634913601
6,XGBoost,GGG,2014J,31844,749,0.6657805346329936,0.5924943718240252,0.5670731707317073,0.5299145299145299,0.6098360655737705,0.6191072219760745
6,LightGBM,GGG,2014J,31844,749,0.6781273076355043,0.6070846864585469,0.5544871794871795,0.542319749216301,0.5672131147540984,0.6191921429626348
8,LogisticRegression,AAA,2013J,32210,383,0.7225762247344981,0.5686691661974339,0.5205479452054794,0.5,0.5428571428571428,0.6689105858170606
8,RandomForest,AAA,2013J,32210,383,0.7746831106543337,0.655407493670298,0.5714285714285714,0.4720496894409938,0.7238095238095238,0.7090270640630353
8,XGBoost,AAA,2013J,32210,383,0.7603973963686192,0.6642475651447011,0.5641025641025641,0.4583333333333333,0.7333333333333333,0.7029976019184652
8,LightGBM,AAA,2013J,32210,383,0.8013703323055841,0.7087804125866703,0.5882352941176471,0.47904191616766467,0.7619047619047619,0.724477560808496
8,LogisticRegression,AAA,2014J,32228,365,0.7360601355166573,0.6383445911964464,0.5614035087719298,0.5517241379310345,0.5714285714285714,0.6829474872953134
8,RandomForest,AAA,2014J,32228,365,0.7810206098249577,0.6632443144361723,0.5836298932384342,0.48520710059171596,0.7321428571428571,0.6941346696781479
8,XGBoost,AAA,2014J,32228,365,0.7798207227555054,0.7026546798697946,0.5944055944055944,0.4885057471264368,0.7589285714285714,0.7035749576510446
8,LightGBM,AAA,2014J,32228,365,0.799407114624506,0.7248265507309607,0.6111111111111112,0.5,0.7857142857142857,0.718944099378882
8,LogisticRegression,BBB,2013B,30826,1767,0.8214333696769894,0.8726247026657279,0.7235576923076923,0.86,0.6244813278008299,0.7512194932902032
8,RandomForest,BBB,2013B,30826,1767,0.8737766312014592,0.9109456264140958,0.7740805604203153,0.8851802403204272,0.6877593360995851,0.7903304775143006
8,XGBoost,BBB,2013B,30826,1767,0.8751091601515066,0.9124694803585928,0.7802898550724637,0.8843626806833115,0.6981327800829875,0.7942718694935486
8,LightGBM,BBB,2013B,30826,1767,0.8817769722461929,0.9163474685959511,0.7852619458837076,0.8822768434670116,0.7074688796680498,0.7970719242673998
8,LogisticRegression,BBB,2013J,30356,2237,0.8593868105822817,0.8926032509470168,0.7541142303969022,0.8645948945615982,0.6686695278969957,0.7774317788738709
8,RandomForest,BBB,2013J,30356,2237,0.8750236211645634,0.906105663347376,0.7916666666666666,0.837967401725791,0.7502145922746781,0.7962826692716674
8,XGBoost,BBB,2013J,30356,2237,0.8728684901671898,0.9043581747187578,0.7904461469130238,0.8320683111954459,0.7527896995708154,0.793838879636154
8,LightGBM,BBB,2013J,30356,2237,0.8813604990071106,0.91261673538147,0.7974568574023615,0.8466730954676953,0.7536480686695279,0.80266358657357
8,LogisticRegression,BBB,2014B,30980,1613,0.8371348905952598,0.8862999696303226,0.7375796178343949,0.8464912280701754,0.6534988713318285,0.7545348551982389
8,RandomForest,BBB,2014B,30980,1613,0.8694952198496557,0.9120278261045407,0.7929993964996982,0.8521400778210116,0.7415349887133182,0.7923630927060401
8,XGBoost,BBB,2014B,30980,1613,0.8750112556316971,0.9164456733788144,0.7978142076502732,0.8633377135348226,0.7415349887133182,0.7992406717981997
8,LightGBM,BBB,2014B,30980,1613,0.8788071203902367,0.9194756924229847,0.7953995157384988,0.8577023498694517,0.7415349887133182,0.7958018822521199
8,LogisticRegression,BBB,2014J,30301,2292,0.7916339242202728,0.836010257756463,0.7026378896882494,0.6453744493392071,0.7710526315789473,0.675890899122807
8,RandomForest,BBB,2014J,30301,2292,0.8106603313840156,0.846550724530044,0.7190673185408049,0.6293614219881501,0.8385964912280702,0.6749406067251462
8,XGBoost,BBB,2014J,30301,2292,0.8100504081384016,0.8431478601760093,0.7013245033112583,0.5632978723404255,0.9289473684210526,0.6081368786549708
8,LightGBM,BBB,2014J,30301,2292,0.8083150584795321,0.8474230140888627,0.7161512027491409,0.5887005649717514,0.9140350877192982,0.6410453216374269
8,LogisticRegression,CCC,2014B,30657,1936,0.8807000956162271,0.9407007335766013,0.8329827513672696,0.8967391304347826,0.7776904948939513,0.8028723967682425
8,RandomForest,CCC,2014B,30657,1936,0.8919187108041596,0.9437526634324086,0.8579234972677595,0.8525989138867339,0.8633150039277298,0.7883694174993099
8,XGBoost,CCC,2014B,30657,1936,0.8851337501584717,0.9424015487562399,0.8507173322993409,0.8399693721286371,0.8617439120188531,0.7732550630984161
8,LightGBM,CCC,2014B,30657,1936,0.8916195398335779,0.9444854927111134,0.8527799530148786,0.8501170960187353,0.8554595443833464,0.7829333921011754
8,LogisticRegression,CCC,2014J,30095,2498,0.8342077203378852,0.8977170226971813,0.7464188927603562,0.8763636363636363,0.6500337154416723,0.7580217838292105
8,RandomForest,CCC,2014J,30095,2498,0.8682121515102192,0.9123508064821666,0.8001456133964324,0.8694620253164557,0.7410654079568443,0.7892519158010822
8,XGBoost,CCC,2014J,30095,2498,0.8534464489169536,0.9028032680444293,0.7887426900584795,0.8611332801276935,0.7275792312879299,0.7780753299296792
8,LightGBM,CCC,2014J,30095,2498,0.8681656474527403,0.9111168228754138,0.8,0.8700475435816165,0.7403910991233985,0.7894073722217978
8,LogisticRegression,DDD,2013B,31290,1303,0.8405805701851989,0.9029175245796863,0.7243975903614458,0.8990654205607477,0.6065573770491803,0.7503375120540019
8,RandomForest,DDD,2013B,31290,1303,0.8807049427589446,0.9275660523350799,0.7929577464788733,0.89792663476874,0.7099621689785625,0.7922359864500655
8,XGBoost,DDD,2013B,31290,1303,0.8755037954652227,0.9248271750897814,0.7874564459930313,0.8800623052959502,0.712484237074401,0.7807519224587691
8,LightGBM,DDD,2013B,31290,1303,0.8832035210048712,0.9292409704069174,0.7929824561403509,0.8939873417721519,0.712484237074401,0.7905558440273965
8,LogisticRegression,DDD,2013J,30655,1938,0.8482929991591985,0.8906571459777417,0.777829967120714,0.8117647058823529,0.7466185752930569,0.7575071163558167
8,RandomForest,DDD,2013J,30655,1938,0.8885687994161162,0.923905513835225,0.8218923933209648,0.8462273161413563,0.7989179440937781,0.8023540263291569
8,XGBoost,DDD,2013J,30655,1938,0.8851816642211277,0.9228071589656652,0.8177203507152746,0.8374291115311909,0.7989179440937781,0.7957195269322932
8,LightGBM,DDD,2013J,30655,1938,0.8951461939325249,0.929354711804778,0.8238028823802882,0.8502879078694817,0.7989179440937781,0.8053697078731858
8,LogisticRegression,DDD,2014B,31365,1228,0.8345964417413894,0.8996166335668169,0.7812061711079944,0.8227474150664698,0.7436582109479306,0.7465681451399361
8,RandomForest,DDD,2014B,31365,1228,0.8902182729373334,0.932306022038493,0.8416723783413297,0.8647887323943662,0.8197596795727636,0.8096710715191584
8,XGBoost,DDD,2014B,31365,1228,0.8893695421313316,0.9321688642644166,0.8421778084079945,0.8703703703703703,0.8157543391188251,0.8128876079727737
8,LightGBM,DDD,2014B,31365,1228,0.8962903913638506,0.9372835495027451,0.8465753424657534,0.869198312236287,0.8251001335113485,0.8154728224968015
8,LogisticRegression,DDD,2014J,30790,1803,0.8453576317077801,0.8938929630477235,0.76954945624029,0.8076086956521739,0.734915924826904,0.7557155381710278
8,RandomForest,DDD,2014J,30790,1803,0.8734145360629041,0.9119150763654759,0.802547770700637,0.865979381443299,0.7477744807121661,0.8000236039924467
8,XGBoost,DDD,2014J,30790,1803,0.8678351267372038,0.9110744323589652,0.7897489539748954,0.8379578246392897,0.7467853610286844,0.781220963342625
8,LightGBM,DDD,2014J,30790,1803,0.8806399804174285,0.9196576962743334,0.8032,0.8715277777777778,0.744807121661721,0.8023278032551029
8,LogisticRegression,EEE,2013J,31541,1052,0.8599598942869746,0.8666571283767597,0.7465321563682219,0.8457142857142858,0.6681715575620768,0.7897508034115803
8,RandomForest,EEE,2013J,31541,1052,0.8572707358026886,0.8545212717273419,0.742671009771987,0.7154811715481172,0.7720090293453724,0.7743460581866435
8,XGBoost,EEE,2013J,31541,1052,0.8542331543032096,0.8533544417577119,0.7467811158798283,0.7116564417177914,0.7855530474040632,0.777012976904002
8,LightGBM,EEE,2013J,31541,1052,0.860538128227083,0.8587601067780026,0.7486278814489572,0.7286324786324786,0.7697516930022573,0.7806065525766623
8,LogisticRegression,EEE,2014B,31899,694,0.8408431621906924,0.8718538931799065,0.7253886010362695,0.8677685950413223,0.6231454005934718,0.7667547731258675
8,RandomForest,EEE,2014B,31899,694,0.8502564230439951,0.8784861689443075,0.7655502392344498,0.8275862068965517,0.712166172106825,0.7860550748489308
8,XGBoost,EEE,2014B,31899,694,0.8471685410069072,0.8756408815010766,0.7658227848101266,0.8203389830508474,0.7181008902077152,0.7848207532271069
8,LightGBM,EEE,2014B,31899,694,0.8539843236998064,0.8791988193363117,0.7623604465709729,0.8241379310344827,0.7091988130563798,0.7831708350996185
8,LogisticRegression,EEE,2014J,31405,1188,0.8736859509885826,0.8803057485019639,0.7646432374866879,0.825287356321839,0.7123015873015873,0.8005952380952381
8,RandomForest,EEE,2014J,31405,1188,0.8760225215817321,0.8690553378622587,0.7767944936086529,0.7699805068226121,0.7837301587301587,0.8056077694235588
8,XGBoost,EEE,2014J,31405,1188,0.8687575420031561,0.8641946078815784,0.7531707317073171,0.7408829174664108,0.7658730158730159,0.7842522974101922
8,LightGBM,EEE,2014J,31405,1188,0.8780835189826418,0.8717654307946,0.7593480345158198,0.7346938775510204,0.7857142857142857,0.7883249791144529
8,LogisticRegression,FFF,2013B,30979,1614,0.8120235343301201,0.8442911167340893,0.6766381766381766,0.8304195804195804,0.5709134615384616,0.7234362704111745
8,RandomForest,FFF,2013B,30979,1614,0.8406583525968916,0.8755677155659052,0.7266187050359713,0.9050179211469535,0.6069711538461539,0.7695981088923864
8,XGBoost,FFF,2013B,30979,1614,0.8456281969309463,0.8802334389747568,0.7281690140845071,0.8792517006802721,0.6213942307692307,0.7653006959472752
8,LightGBM,FFF,2013B,30979,1614,0.8525046724375369,0.8847620398133857,0.717391304347826,0.9032846715328468,0.5949519230769231,0.763588493507771
8,LogisticRegression,FFF,2013J,30310,2283,0.8375436249865472,0.8721540317487673,0.7359187442289935,0.8149284253578732,0.6708754208754208,0.7527893086112264
8,RandomForest,FFF,2013J,30310,2283,0.8644658149224359,0.8927333357911734,0.7698706099815157,0.8534836065573771,0.7011784511784511,0.7852924219362576
8,XGBoost,FFF,2013J,30310,2283,0.8544178466552895,0.8884679284456112,0.7729119638826185,0.8334956183057449,0.7205387205387206,0.7821871684885384
8,LightGBM,FFF,2013J,30310,2283,0.8661616161616161,0.8982043663689351,0.7765567765567766,0.8514056224899599,0.7138047138047138,0.7893224482265577
8,LogisticRegression,FFF,2014B,31093,1500,0.8274412417492644,0.8780890617142746,0.725699067909454,0.8307926829268293,0.6442080378250591,0.7372416335914287
8,RandomForest,FFF,2014B,31093,1500,0.8589829093196261,0.9030140407053576,0.7683089214380826,0.8795731707317073,0.682033096926714,0.7806189949465374
8,XGBoost,FFF,2014B,31093,1500,0.8660326342348595,0.9077508743962441,0.7782101167315175,0.8620689655172413,0.7092198581560284,0.7812154336651702
8,LightGBM,FFF,2014B,31093,1500,0.8688720440135627,0.910878452356331,0.7833553500660502,0.8877245508982036,0.7009456264775413,0.7931333636974862
8,LogisticRegression,FFF,2014J,30228,2365,0.873058128457636,0.9025671031323115,0.7848317000426076,0.83803457688808,0.7379807692307693,0.7893126764685627
8,RandomForest,FFF,2014J,30228,2365,0.8947357849551225,0.9234086390282814,0.8224543080939948,0.9,0.7572115384615384,0.8316048739756214
8,XGBoost,FFF,2014J,30228,2365,0.8916576280329637,0.9217471587543982,0.8115942028985508,0.8670309653916212,0.7628205128205128,0.8160566306269081
8,LightGBM,FFF,2014J,30228,2365,0.8998540906273673,0.927930481590155,0.8253692441355344,0.9013282732447818,0.7612179487179487,0.8340557066776852
8,LogisticRegression,GGG,2013J,31641,952,0.6387621996996997,0.4980062087740934,0.5487804878048781,0.37815126050420167,1.0,0.5
8,RandomForest,GGG,2013J,31641,952,0.6224662162162162,0.5062500126082125,0.5161290322580645,0.4528301886792453,0.6,0.5795608108108108
8,XGBoost,GGG,2013J,31641,952,0.634398460960961,0.5006765942670657,0.5205128205128206,0.48333333333333334,0.5638888888888889,0.5986674174174174
8,LightGBM,GGG,2013J,31641,952,0.6455166103603605,0.5116704459383714,0.5271122320302648,0.48267898383371827,0.5805555555555556,0.6010885885885886
8,LogisticRegression,GGG,2014B,31760,833,0.6334669102480995,0.5363268179473726,0.5981465880370682,0.4266826923076923,1.0,0.5010460251046025
8,RandomForest,GGG,2014B,31760,833,0.6134421592315398,0.5382495174979299,0.5402455661664393,0.5238095238095238,0.5577464788732395,0.5905887206081679
8,XGBoost,GGG,2014B,31760,833,0.6425481760858035,0.557965477211911,0.5264705882352941,0.5507692307692308,0.504225352112676,0.5993930107843715
8,LightGBM,GGG,2014B,31760,833,0.653868819612234,0.5678952793969612,0.532724505327245,0.5794701986754967,0.49295774647887325,0.6136336849549178
8,LogisticRegression,GGG,2014J,31844,749,0.6557820115197164,0.5663827563193422,0.5792972459639126,0.4077540106951872,1.0,0.5011261261261262
8,RandomForest,GGG,2014J,31844,749,0.6609621916998967,0.5958459186409328,0.5792682926829268,0.5413105413105413,0.6229508196721312,0.6301691035297593
8,XGBoost,GGG,2014J,31844,749,0.6648057893959533,0.591894986679233,0.546583850931677,0.5191740412979351,0.5770491803278689,0.6049660316053759
8,LightGBM,GGG,2014J,31844,749,0.6851092896174864,0.6136583519985395,0.5623003194888179,0.5482866043613707,0.5770491803278689,0.6252363018756462
