week,fold_idx,held_out_module,held_out_presentation,model_seed,n_train,n_test,best_val_auroc,best_epoch,auroc,auprc,f1,precision,recall,balanced_acc,pipeline_version
8,0,AAA,2013J,42,29021,383,0.8487956012921598,199,0.6525179856115109,0.5155537454750188,0.4157303370786517,0.5068493150684932,0.3523809523809524,0.6114422747516273,v2_corrected
8,0,AAA,2013J,123,29021,383,0.843678632424693,199,0.7266187050359713,0.5878835510028434,0.4429530201342282,0.75,0.3142857142857143,0.6373586844809866,v2_corrected
8,0,AAA,2013J,7,29021,383,0.8450544119213186,187,0.7747858855772525,0.6457089509636189,0.45714285714285713,0.9142857142857143,0.3047619047619048,0.6469852689277149,v2_corrected
8,0,AAA,2013J,17,29021,383,0.8462298198628164,166,0.7265159301130525,0.5905397984318237,0.40816326530612246,0.7142857142857143,0.2857142857142857,0.6212744090441933,v2_corrected
8,0,AAA,2013J,99,29021,383,0.8412315750860848,189,0.7412127440904419,0.5922220440527943,0.44155844155844154,0.6938775510204082,0.3238095238095238,0.6349263446385749,v2_corrected
8,1,AAA,2014J,42,29008,365,0.8282729423561068,198,0.7579757199322417,0.6641592815309558,0.5507246376811594,0.6,0.5089285714285714,0.6793654714850367,v2_corrected
8,1,AAA,2014J,123,29008,365,0.8319827438140318,197,0.7609048560135516,0.6841201067237774,0.5882352941176471,0.7333333333333333,0.49107142857142855,0.7060100225861096,v2_corrected
8,1,AAA,2014J,7,29008,365,0.8344128765313086,199,0.7530702992659515,0.651407516983414,0.5306122448979592,0.6190476190476191,0.4642857142857143,0.6689017504234895,v2_corrected
8,1,AAA,2014J,17,29008,365,0.834451947433003,194,0.7513410502540938,0.6638109707880492,0.5560975609756098,0.6129032258064516,0.5089285714285714,0.6833180406549972,v2_corrected
8,1,AAA,2014J,99,29008,365,0.8327958827780106,199,0.7738212874082439,0.6835940547083738,0.5423728813559322,0.7384615384615385,0.42857142857142855,0.6806888763410502,v2_corrected
8,2,BBB,2013B,42,27754,1767,0.8455675962474114,194,0.8238594378962707,0.8818100138156371,0.7395033860045147,0.6546762589928058,0.8495850622406639,0.6558012484304191,v2_corrected
8,2,BBB,2013B,123,27754,1767,0.8443324195380022,194,0.8176250368173292,0.879020993249881,0.7497446373850868,0.738430583501006,0.7614107883817427,0.7188124925719424,v2_corrected
8,2,BBB,2013B,7,27754,1767,0.844770666872033,198,0.7970215426590121,0.8680831844936935,0.7253886010362695,0.6643658326143227,0.7987551867219918,0.657160905938829,v2_corrected
8,2,BBB,2013B,17,27754,1767,0.8479779565845811,199,0.8336786841874092,0.8872861734063191,0.766951566951567,0.8508217446270544,0.6981327800829875,0.7755919193067491,v2_corrected
8,2,BBB,2013B,99,27754,1767,0.8452459312138898,199,0.8428171328472585,0.8900898711081476,0.7610405323653963,0.9129172714078374,0.6524896265560166,0.7888849129044093,v2_corrected
8,3,BBB,2013J,42,27326,2237,0.8347560375175402,131,0.8419295688937288,0.8853787662790737,0.7546628407460545,0.8520518358531317,0.6772532188841202,0.7747273557107168,v2_corrected
8,3,BBB,2013J,123,27326,2237,0.8279012966551432,112,0.8470909935302031,0.8897354971964548,0.7186659494351803,0.962536023054755,0.5733905579399141,0.7745684132983153,v2_corrected
8,3,BBB,2013J,7,27326,2237,0.8331686284715505,195,0.844499871885209,0.8904756762139423,0.708764289602613,0.96875,0.5587982832618026,0.7696043655114984,v2_corrected
8,3,BBB,2013J,17,27326,2237,0.832714078221328,139,0.813336749727756,0.8688239626844021,0.7406380027739251,0.8026052104208417,0.6875536480686695,0.7518924956761257,v2_corrected
8,3,BBB,2013J,99,27326,2237,0.8305736476910253,164,0.8336941899942347,0.8808906233383713,0.6984649122807017,0.9666160849772383,0.5467811158798284,0.7631293639100634,v2_corrected
8,4,BBB,2014B,42,27897,1613,0.8301619612728847,122,0.8538863755623933,0.9046877168809048,0.7652060170045781,0.9097978227060654,0.6602708803611738,0.7902454814460614,v2_corrected
8,4,BBB,2014B,123,27897,1613,0.826483096479929,199,0.851796709319042,0.9042547211738012,0.7428571428571429,0.970856102003643,0.6015801354401806,0.789785941172635,v2_corrected
8,4,BBB,2014B,7,27897,1613,0.8309588867538062,199,0.8470507139951747,0.9015788788740046,0.74949358541526,0.9327731092436975,0.626410835214447,0.7856951012385852,v2_corrected
8,4,BBB,2014B,17,27897,1613,0.8338002829571131,199,0.8408158702854428,0.89687795014377,0.7650145772594752,0.7913148371531966,0.7404063205417607,0.75122104197652,v2_corrected
8,4,BBB,2014B,99,27897,1613,0.8300867875921194,196,0.8564992346170446,0.9054207405022877,0.7723270440251573,0.8721590909090909,0.6930022573363431,0.7846029168387355,v2_corrected
8,5,BBB,2014J,42,27281,2292,0.8356326633628434,199,0.8497791788499025,0.8883563351155546,0.7837969741337237,0.8833883388338833,0.7043859649122807,0.8061860380116959,v2_corrected
8,5,BBB,2014J,123,27281,2292,0.8373227491180677,190,0.8511939571150098,0.8903651667393849,0.783609576427256,0.8246124031007752,0.7464912280701754,0.7946865862573099,v2_corrected
8,5,BBB,2014J,7,27281,2292,0.835891219614685,197,0.8589303118908381,0.8939416644969709,0.7760791366906474,0.7961254612546126,0.7570175438596491,0.7825886330409357,v2_corrected
8,5,BBB,2014J,17,27281,2292,0.8414129592621941,199,0.8607478983918128,0.8959230669539708,0.7874564459930313,0.9102416570771001,0.6938596491228071,0.8130756578947369,v2_corrected
8,5,BBB,2014J,99,27281,2292,0.8384102710700221,198,0.8484748111598441,0.8874432682790185,0.7352380952380952,0.6498316498316499,0.8464912280701754,0.6975511695906433,v2_corrected
8,6,CCC,2014B,42,27578,1936,0.839986420717622,193,0.754098049879206,0.8733241206561224,0.5980911983032874,0.9200652528548124,0.4430479183032207,0.6845707163160146,v2_corrected
8,6,CCC,2014B,123,27578,1936,0.8387295338399776,115,0.7631407146216997,0.8773356697021054,0.6325910931174089,0.8890469416785206,0.49096622152395913,0.6866595813502149,v2_corrected
8,6,CCC,2014B,7,27578,1936,0.841576870913955,199,0.7715494923572185,0.8847516757056364,0.6480162767039674,0.9191919191919192,0.5003927729772192,0.7079641089622144,v2_corrected
8,6,CCC,2014B,17,27578,1936,0.838196424404152,193,0.7612035085349627,0.8779956027213176,0.5831062670299727,0.9519572953736655,0.42026708562450904,0.6897715518620283,v2_corrected
8,6,CCC,2014B,99,27578,1936,0.8373128409617447,108,0.7459392724398963,0.8674657457709146,0.6148300720906282,0.8923766816143498,0.46897093479968577,0.6801868248659062,v2_corrected
8,7,CCC,2014J,42,27086,2498,0.844526010833937,152,0.7438250915963847,0.8311809641562091,0.5572413793103448,0.8757225433526011,0.4086311530681052,0.6619510445143482,v2_corrected
8,7,CCC,2014J,123,27086,2498,0.8457731177407045,168,0.7569897259250156,0.8443750405385217,0.559322033898305,0.9266770670826833,0.4005394470667566,0.6771170141737723,v2_corrected
8,7,CCC,2014J,7,27086,2498,0.842866521930842,134,0.7575079139940675,0.8424725813101765,0.6511056511056511,0.8289885297184567,0.5360755225893459,0.6872495839547714,v2_corrected
8,7,CCC,2014J,17,27086,2498,0.8449377287690786,192,0.7555962650598407,0.8387078673313617,0.5926916221033868,0.873850197109067,0.44841537424140254,0.6769170467266126,v2_corrected
8,7,CCC,2014J,99,27086,2498,0.8436259865735682,173,0.7569950406744417,0.8429066670991243,0.6688154713940371,0.8308308308308309,0.559676331759946,0.6965869343528794,v2_corrected
8,8,DDD,2013B,42,28191,1303,0.8390446356693264,194,0.787092945627179,0.87666884054293,0.7498375568551007,0.7734584450402144,0.7276166456494325,0.6981220483149123,v2_corrected
8,8,DDD,2013B,123,28191,1303,0.8372904509449781,197,0.7685656355858863,0.8578129884309462,0.7661085743277524,0.6409168081494058,0.9520807061790668,0.5613344707365923,v2_corrected
8,8,DDD,2013B,7,28191,1303,0.8397654135087449,198,0.80126845189526,0.8838193464008116,0.7690643591130341,0.6732954545454546,0.8965952080706179,0.6100623099176619,v2_corrected
8,8,DDD,2013B,17,28191,1303,0.8429482232909683,198,0.7962614049402863,0.8810237734177716,0.7678132678132679,0.7485029940119761,0.7881462799495587,0.6881907870336028,v2_corrected
8,8,DDD,2013B,99,28191,1303,0.8426977446494341,199,0.7154773384763742,0.8335602954320028,0.7584541062801933,0.6147220046985121,0.9899117276166457,0.5126029226318523,v2_corrected
8,9,DDD,2013J,42,27594,1938,0.83405151887232,162,0.845503017856968,0.8941258885848767,0.7428571428571429,0.8988476312419974,0.6330027051397655,0.7688535841742253,v2_corrected
8,9,DDD,2013J,123,27594,1938,0.8370825707438498,199,0.8362248344230395,0.8881526380087121,0.7720588235294118,0.7872539831302718,0.757439134355275,0.7418076250787231,v2_corrected
8,9,DDD,2013J,7,27594,1938,0.8369075291071075,198,0.840249368855107,0.8884843972321506,0.7649903288201161,0.8248175182481752,0.7132551848512173,0.755300692546236,v2_corrected
8,9,DDD,2013J,17,27594,1938,0.837294508411866,139,0.8422170398787854,0.8919985432349232,0.7391076115485564,0.8844221105527639,0.6348061316501352,0.7619145254149349,v2_corrected
8,9,DDD,2013J,99,27594,1938,0.8371357696726636,167,0.8436473811701823,0.8931323237705884,0.7374537770734284,0.8903061224489796,0.6293958521190262,0.7628282035022151,v2_corrected
8,10,DDD,2014B,42,28247,1228,0.8270753860127157,124,0.837762806915832,0.9000148108373764,0.7639097744360902,0.8743545611015491,0.678237650200267,0.7629184075635991,v2_corrected
8,10,DDD,2014B,123,28247,1228,0.8298117413921229,106,0.8402546471147334,0.9008970865893952,0.7892190739460954,0.8180515759312321,0.7623497997329773,0.7486070501796411,v2_corrected
8,10,DDD,2014B,7,28247,1228,0.8296519692841219,194,0.842163943016576,0.9031199151057461,0.7963085036255768,0.7864583333333334,0.8064085447263017,0.7320142932399776,v2_corrected
8,10,DDD,2014B,17,28247,1228,0.8289763438196681,195,0.8376513151843378,0.899760805646068,0.7932885906040269,0.7975708502024291,0.7890520694259012,0.737949834295414,v2_corrected
8,10,DDD,2014B,99,28247,1228,0.8298233011312031,188,0.8429527470168993,0.9041416399028726,0.7822878228782287,0.8745874587458746,0.7076101468624834,0.7744731318863565,v2_corrected
8,11,DDD,2014J,42,27716,1803,0.8425919790965866,115,0.783927304698818,0.8608757822608645,0.7161572052401747,0.7990255785627284,0.6488625123639961,0.7202645895153313,v2_corrected
8,11,DDD,2014J,123,27716,1803,0.8418176999449551,196,0.7670922878638012,0.8505395013141438,0.6985539488320356,0.7979669631512071,0.6211671612265084,0.7102047927344664,v2_corrected
8,11,DDD,2014J,7,27716,1803,0.842896509075588,170,0.7998880995913636,0.8697695913956126,0.6430910281597905,0.9515503875968992,0.4856577645895153,0.7270460540119293,v2_corrected
8,11,DDD,2014J,17,27716,1803,0.8405583814125435,198,0.7873255302780526,0.8636185652854422,0.6892792247122955,0.8890625,0.5628090999010881,0.7365813176273117,v2_corrected
8,11,DDD,2014J,99,27716,1803,0.8422224657329446,177,0.7813520966339957,0.858880944438557,0.6847498493068114,0.8765432098765432,0.5618199802176064,0.7304049396037526,v2_corrected
8,12,EEE,2013J,42,28414,1052,0.8423368961179023,197,0.8147093818456783,0.8276111562216648,0.6935483870967742,0.8571428571428571,0.582392776523702,0.755892611578764,v2_corrected
8,12,EEE,2013J,123,28414,1052,0.8440839595600744,190,0.8195428245245324,0.8283103331422565,0.6850393700787402,0.8181818181818182,0.5891647855530474,0.7469633451574761,v2_corrected
8,12,EEE,2013J,7,28414,1052,0.8387228929162571,199,0.7886258418678439,0.8111215096736032,0.6901960784313725,0.8198757763975155,0.5959367945823928,0.7503493496721487,v2_corrected
8,12,EEE,2013J,17,28414,1052,0.8413247445316214,198,0.82460237150048,0.8329832957658475,0.7049808429118773,0.8117647058823529,0.6230248306997742,0.7589672593564553,v2_corrected
8,12,EEE,2013J,99,28414,1052,0.8435912720154299,199,0.7723055595710691,0.8047445124983292,0.7022696929238985,0.8594771241830066,0.5936794582392777,0.7615359524365518,v2_corrected
8,13,EEE,2014B,42,28692,694,0.8466024894596323,126,0.7728266380736271,0.8144984481644606,0.6493955094991365,0.7768595041322314,0.5578635014836796,0.7033014986409994,v2_corrected
8,13,EEE,2014B,123,28692,694,0.8481621338764196,154,0.7588293477628439,0.8107870607277229,0.6480446927374302,0.87,0.516320474777448,0.7217456715623936,v2_corrected
8,13,EEE,2014B,7,28692,694,0.8511368511368511,196,0.7596688527042865,0.8090826304237184,0.643510054844607,0.8380952380952381,0.5222551928783383,0.7135085488201216,v2_corrected
8,13,EEE,2014B,17,28692,694,0.8495074745074744,197,0.7889185347729597,0.8269526860076739,0.6570397111913358,0.8387096774193549,0.5400593471810089,0.7210100657473673,v2_corrected
8,13,EEE,2014B,99,28692,694,0.8501716001716002,193,0.7657698094074425,0.8103385999567361,0.6078431372549019,0.8959537572254336,0.4599406528189911,0.7047602423758821,v2_corrected
8,14,EEE,2014J,42,28283,1188,0.844904007677901,171,0.7550850505894366,0.7865741477090485,0.642512077294686,0.8209876543209876,0.5277777777777778,0.7214912280701755,v2_corrected
8,14,EEE,2014J,123,28283,1188,0.8396924715244156,176,0.7736383783532907,0.8011078744685927,0.6550868486352357,0.8741721854304636,0.5238095238095238,0.7341269841269842,v2_corrected
8,14,EEE,2014J,7,28283,1188,0.8451638421015079,195,0.7806698459110739,0.8066707835859541,0.6526867627785059,0.9613899613899614,0.49404761904761907,0.7397138680033417,v2_corrected
8,14,EEE,2014J,17,28283,1188,0.8408773989831813,199,0.7946631625359696,0.8190366053242084,0.6516556291390728,0.9800796812749004,0.4880952380952381,0.7403926482873852,v2_corrected
8,14,EEE,2014J,99,28283,1188,0.8445390021780723,199,0.7640890420495684,0.7956916847539335,0.6747519294377067,0.7593052109181141,0.6071428571428571,0.7326649958228906,v2_corrected
8,15,FFF,2013B,42,27849,1614,0.8322621622154589,199,0.8134375614794412,0.8601365237536099,0.7392290249433107,0.6995708154506438,0.7836538461538461,0.7127987900845957,v2_corrected
8,15,FFF,2013B,123,27849,1614,0.8328903214992343,198,0.8128258410387567,0.8616367414644843,0.7305327868852459,0.6366071428571428,0.8569711538461539,0.6682553978949439,v2_corrected
8,15,FFF,2013B,7,27849,1614,0.8382816454240096,198,0.814822385894157,0.8608803733053426,0.7291242362525459,0.6325088339222615,0.8605769230769231,0.6643038068070037,v2_corrected
8,15,FFF,2013B,17,27849,1614,0.8374710775581571,199,0.8052362040133779,0.8559297651642772,0.7242757242757243,0.6196581196581197,0.8713942307692307,0.6511702611646665,v2_corrected
8,15,FFF,2013B,99,27849,1614,0.8385328680545057,197,0.8040542617548692,0.8559370200414742,0.7001779359430605,0.5557909604519774,0.9459134615384616,0.5707828177257526,v2_corrected
8,16,FFF,2013J,42,27299,2283,0.8320028178737237,199,0.8600671863228941,0.8958831802011746,0.7524850894632207,0.9186893203883495,0.6372053872053872,0.7880090862967575,v2_corrected
8,16,FFF,2013J,123,27299,2283,0.8295897045205156,199,0.8636417446919729,0.8950678507317882,0.7808219178082192,0.794425087108014,0.7676767676767676,0.7760758267607583,v2_corrected
8,16,FFF,2013J,7,27299,2283,0.8355000004413963,198,0.8652176252632874,0.8984627232533354,0.7770582793709528,0.8624229979466119,0.7070707070707071,0.7923481389234814,v2_corrected
8,16,FFF,2013J,17,27299,2283,0.8338266672198833,199,0.8726504005042818,0.901640088221292,0.7603864734299517,0.8922902494331065,0.6624579124579124,0.7878499607951662,v2_corrected
8,16,FFF,2013J,99,27299,2283,0.834910736434348,199,0.8631082514644158,0.8956398984953383,0.773354355538037,0.7272053372868792,0.8257575757575758,0.7448422581984226,v2_corrected
8,17,FFF,2014B,42,27964,1500,0.8359036415711948,199,0.8422329219713567,0.8946958329091323,0.7692307692307693,0.8243243243243243,0.7210401891252955,0.7611317153577548,v2_corrected
8,17,FFF,2014B,123,27964,1500,0.8364165302782325,198,0.8463393121796403,0.8969400005654781,0.7862068965517242,0.7651006711409396,0.8085106382978723,0.7437048604333398,v2_corrected
8,17,FFF,2014B,7,27964,1500,0.8335380523731588,199,0.8468001966440382,0.8980903086563459,0.7799410029498525,0.7785630153121319,0.7813238770685579,0.7469310516841261,v2_corrected
8,17,FFF,2014B,17,27964,1500,0.8339005728314239,142,0.8485208319777908,0.8986598340717307,0.7312280701754386,0.8998272884283247,0.6158392434988179,0.763577114104149,v2_corrected
8,17,FFF,2014B,99,27964,1500,0.8342217675941082,199,0.8542918284280767,0.9032802300775366,0.7249097472924187,0.9313543599257885,0.5933806146572104,0.7684028455549049,v2_corrected
8,18,FFF,2014J,42,27194,2365,0.828409494837155,164,0.8735315806992172,0.9077168326933717,0.7899159663865546,0.8815399802566634,0.7155448717948718,0.8040571270344099,v2_corrected
8,18,FFF,2014J,123,27194,2365,0.8317429372062848,198,0.8804533090007576,0.9133952346243668,0.7811634349030471,0.9215686274509803,0.6778846153846154,0.8067131223744921,v2_corrected
8,18,FFF,2014J,7,27194,2365,0.8251802906894332,197,0.8596142368523747,0.8996816791511941,0.7863924050632911,0.7765625,0.7964743589743589,0.7702156933636343,v2_corrected
8,18,FFF,2014J,17,27194,2365,0.8319797629561785,199,0.8731657312398136,0.9073402000643689,0.7827664399092971,0.9017763845350052,0.6915064102564102,0.8036762131855015,v2_corrected
8,18,FFF,2014J,99,27194,2365,0.8290896601354225,198,0.8839425085508344,0.9153810498478847,0.7643129770992366,0.9445754716981132,0.6418269230769231,0.7998749655671098,v2_corrected
8,19,GGG,2013J,42,28489,952,0.8378971695470012,195,0.6621527777777778,0.5418016624905682,0.5245033112582781,0.5012658227848101,0.55,0.6086148648648648,v2_corrected
8,19,GGG,2013J,123,28489,952,0.8365254274345184,180,0.6703922672672673,0.5331065820430382,0.5724137931034483,0.415,0.9222222222222223,0.5658408408408409,v2_corrected
8,19,GGG,2013J,7,28489,952,0.8388328531426175,198,0.6584787912912913,0.53367193865223,0.5724976613657624,0.4315937940761636,0.85,0.5846283783783783,v2_corrected
8,19,GGG,2013J,17,28489,952,0.8431428279913129,198,0.6775478603603604,0.5395282401422926,0.39923954372623577,0.6325301204819277,0.2916666666666667,0.5943130630630631,v2_corrected
8,19,GGG,2013J,99,28489,952,0.8395162949035003,199,0.6591732357357358,0.5192362327137572,0.5571095571095571,0.4799196787148594,0.6638888888888889,0.6131944444444444,v2_corrected
8,20,GGG,2014B,42,28594,833,0.8409557556031427,199,0.6622458600978254,0.5909397109889261,0.6011854360711262,0.4297820823244552,1.0,0.5073221757322176,v2_corrected
8,20,GGG,2014B,123,28594,833,0.8408254988932188,198,0.6722788614532382,0.6144323486446601,0.6011854360711262,0.4297820823244552,1.0,0.5073221757322176,v2_corrected
8,20,GGG,2014B,7,28594,833,0.8396952714409558,199,0.6996405209499675,0.6560905382608981,0.6043533930857875,0.5539906103286385,0.6647887323943662,0.6336495963227061,v2_corrected
8,20,GGG,2014B,17,28594,833,0.8402283219769522,197,0.6860097825446403,0.6286448484807463,0.628310502283105,0.4648648648648649,0.9690140845070423,0.570281100830927,v2_corrected
8,20,GGG,2014B,99,28594,833,0.8396786386610733,186,0.6639813778065885,0.6116072023398038,0.6121739130434782,0.4427672955974843,0.9915492957746479,0.5323855265484119,v2_corrected
8,21,GGG,2014J,42,28656,749,0.8392265673789141,198,0.6779870033968394,0.6325479789249946,0.5806451612903226,0.4192139737991266,0.9442622950819672,0.5228068232166593,v2_corrected
8,21,GGG,2014J,123,28656,749,0.8350684974822333,199,0.6541057450893517,0.6285690214086588,0.5710059171597633,0.5202156334231806,0.6327868852459017,0.6159429921725004,v2_corrected
8,21,GGG,2014J,7,28656,749,0.8330072489545537,198,0.6514621178555604,0.6195095790518491,0.5579119086460033,0.5551948051948052,0.5606557377049181,0.6260485895731798,v2_corrected
8,21,GGG,2014J,17,28656,749,0.8383629378423887,199,0.6632255206025698,0.6324685175589733,0.5853107344632769,0.44655172413793104,0.8491803278688524,0.5631036774479398,v2_corrected
8,21,GGG,2014J,99,28656,749,0.8381427814799882,198,0.6551838723969872,0.6183229511512467,0.5415986949429038,0.538961038961039,0.5442622950819672,0.6122212376310737,v2_corrected
