src,dst
0,0
0,1
0,2
0,3
0,4
0,5
0,6
0,7
0,8
0,9
0,10
0,11
0,12
0,13
0,14
0,15
0,16
0,17
0,18
0,19
0,20
0,21
0,22
0,23
0,24
0,25
0,26
0,27
0,28
0,29
0,30
0,31
0,32
0,33
0,34
0,35
0,36
0,37
0,38
0,39
0,40
0,41
0,42
0,43
0,44
0,45
0,46
0,47
0,48
0,49
0,50
0,51
0,52
0,53
0,54
0,55
0,56
0,57
0,58
0,59
0,60
0,61
0,62
0,63
0,64
0,65
0,66
0,67
0,68
0,69
0,70
0,71
0,72
0,73
0,74
0,75
0,76
0,77
0,78
0,79
0,80
0,81
0,82
0,83
0,84
0,85
0,86
0,87
0,88
0,89
0,90
0,91
0,92
0,93
0,94
0,95
0,96
0,97
0,98
0,99
0,100
0,101
0,102
0,103
0,104
0,105
0,106
0,107
0,108
0,109
0,110
0,111
0,112
0,113
0,114
0,115
0,116
0,117
0,118
0,119
0,120
0,121
0,122
0,123
0,124
0,125
0,126
0,127
0,128
0,129
0,130
0,131
0,132
0,133
0,134
0,135
0,136
0,137
0,138
0,139
0,140
0,141
0,142
0,143
0,144
0,145
0,146
0,147
0,148
0,149
0,150
0,151
0,152
0,153
0,154
0,155
0,156
0,157
0,158
0,159
0,160
0,161
0,162
0,163
0,164
0,165
0,166
0,167
0,168
0,169
0,170
0,171
0,172
0,173
0,174
0,175
0,176
0,177
0,178
0,179
0,180
0,181
0,182
0,183
0,184
0,185
0,186
0,187
0,188
0,189
0,190
0,191
0,192
0,193
0,194
0,195
0,196
0,197
0,198
0,199
0,200
0,201
0,202
0,203
0,204
0,205
0,206
0,207
0,208
0,209
0,210
1,211
1,212
1,213
1,214
1,215
1,216
1,217
1,218
1,219
1,220
1,221
1,222
1,223
1,224
1,225
1,226
1,227
1,228
1,229
1,230
1,231
1,232
1,233
1,234
1,235
1,236
1,237
1,238
1,239
1,240
1,241
1,242
1,243
1,244
1,245
1,246
1,247
1,248
1,249
1,250
1,251
1,252
1,253
1,254
1,255
1,256
1,257
1,258
1,259
1,260
1,261
1,262
1,263
1,264
1,265
1,266
1,267
1,268
1,269
1,270
1,271
1,272
1,273
1,274
1,275
1,276
1,277
1,278
1,279
1,280
1,281
1,282
1,283
1,284
1,285
1,286
1,287
1,288
1,289
1,290
1,291
1,292
1,293
1,294
1,295
1,296
1,297
1,298
1,299
1,300
1,301
1,302
1,303
1,304
1,305
1,306
1,307
1,308
1,309
1,310
1,311
1,312
1,313
1,314
1,315
1,316
1,317
1,318
1,319
1,320
1,321
1,322
1,323
1,324
1,325
1,326
1,327
1,328
1,329
1,330
1,331
1,332
1,333
1,334
1,335
1,336
1,337
1,338
1,339
1,340
1,341
1,342
1,343
1,344
1,345
1,346
1,347
1,348
1,349
1,350
1,351
1,352
1,353
1,354
1,355
1,356
1,357
1,358
1,359
1,360
1,361
1,362
1,363
1,364
1,365
1,366
1,367
1,368
1,369
1,370
1,371
1,372
1,373
1,374
1,375
1,376
1,377
1,378
1,379
1,380
1,381
1,382
1,383
1,384
1,385
1,386
1,387
1,388
1,389
1,390
1,391
1,392
1,393
1,394
1,395
1,396
1,397
1,398
1,399
1,400
1,401
1,402
1,403
1,404
1,405
1,406
1,407
1,408
1,409
1,410
1,411
1,412
4,413
4,414
4,415
4,416
4,417
4,418
4,419
4,420
4,421
4,422
4,423
4,424
4,425
4,426
4,427
4,428
4,429
4,430
4,431
4,432
4,433
4,434
4,435
4,436
4,437
4,438
4,439
4,440
4,441
4,442
4,443
4,444
4,445
4,446
4,447
4,448
4,449
4,450
4,451
4,452
4,453
4,454
4,455
4,456
4,457
4,458
4,459
4,460
4,461
4,462
4,463
4,464
4,465
4,466
4,467
4,468
4,469
4,470
4,471
4,472
4,473
4,474
4,475
4,476
4,477
4,478
4,479
4,480
4,481
4,482
4,483
4,484
4,485
4,486
4,487
4,488
4,489
4,490
4,491
4,492
4,493
4,494
4,495
4,496
4,497
4,498
4,499
4,500
4,501
4,502
4,503
4,504
4,505
4,506
4,507
4,508
4,509
4,510
4,511
4,512
4,513
4,514
4,515
4,516
4,517
4,518
4,519
4,520
4,521
4,522
4,523
4,524
4,525
4,526
4,527
4,528
4,529
4,530
4,531
4,532
4,533
4,534
4,535
4,536
4,537
4,538
4,539
4,540
4,541
4,542
4,543
4,544
4,545
4,546
4,547
4,548
4,549
4,550
4,551
4,552
4,553
4,554
4,555
4,556
4,557
4,558
4,559
4,560
4,561
4,562
4,563
4,564
4,565
4,566
4,567
4,568
4,569
4,570
4,571
4,572
4,573
4,574
4,575
4,576
4,577
4,578
4,579
4,580
4,581
4,582
4,583
4,584
4,585
4,586
4,587
4,588
4,589
4,590
4,591
4,592
4,593
4,594
4,595
4,596
4,597
4,598
4,599
4,600
4,601
4,602
4,603
4,604
4,605
4,606
4,607
4,608
4,609
4,610
4,611
4,612
4,613
4,614
4,615
4,616
4,617
4,618
4,619
4,620
4,621
4,622
4,623
4,624
4,625
4,626
4,627
4,628
4,629
4,630
4,631
4,632
4,633
4,634
4,635
4,636
4,637
4,638
4,639
4,640
4,641
4,642
4,643
4,644
4,645
4,646
4,647
4,648
4,649
4,650
4,651
4,652
4,653
4,654
4,655
4,656
4,657
4,658
4,659
4,660
4,661
4,662
4,663
4,664
4,665
4,666
4,667
4,668
4,669
4,670
4,671
4,672
4,673
4,674
4,675
4,676
4,677
4,678
4,679
4,680
4,681
4,682
4,683
4,684
4,685
4,686
4,687
4,688
4,689
4,690
4,691
4,692
4,693
4,694
4,695
4,696
4,697
4,698
4,699
4,700
4,701
4,702
4,703
4,704
4,705
4,706
4,707
4,708
4,709
4,710
4,711
4,712
4,713
4,714
4,715
4,716
4,717
4,718
4,719
4,720
4,721
4,722
4,723
4,724
4,725
4,726
4,727
2,728
2,729
2,730
2,731
2,732
2,733
2,734
2,735
2,736
2,737
2,738
2,739
2,740
2,741
2,742
2,743
2,744
2,745
2,746
2,747
2,748
2,749
2,750
2,751
2,752
2,753
2,754
2,755
2,756
2,757
2,758
2,759
2,760
2,761
2,762
2,763
2,764
2,765
2,766
2,767
2,768
2,769
2,770
2,771
2,772
2,773
2,774
2,775
2,776
2,777
2,778
2,779
2,780
2,781
2,782
2,783
2,784
2,785
2,786
2,787
2,788
2,789
2,790
2,791
2,792
2,793
2,794
2,795
2,796
2,797
2,798
2,799
2,800
2,801
2,802
2,803
2,804
2,805
2,806
2,807
2,808
2,809
2,810
2,811
2,812
2,813
2,814
2,815
2,816
2,817
2,818
2,819
2,820
2,821
2,822
2,823
2,824
2,825
2,826
2,827
2,828
2,829
2,830
2,831
2,832
2,833
2,834
2,835
2,836
2,837
2,838
2,839
2,840
2,841
2,842
2,843
2,844
2,845
2,846
2,847
2,848
2,849
2,850
2,851
2,852
2,853
2,854
2,855
2,856
2,857
2,858
2,859
2,860
2,861
2,862
2,863
2,864
2,865
2,866
2,867
2,868
2,869
2,870
2,871
2,872
2,873
2,874
2,875
2,876
2,877
2,878
2,879
2,880
2,881
2,882
2,883
2,884
2,885
2,886
2,887
2,888
2,889
2,890
2,891
2,892
2,893
2,894
2,895
2,896
2,897
2,898
2,899
2,900
2,901
2,902
2,903
2,904
2,905
2,906
2,907
2,908
2,909
2,910
2,911
2,912
2,913
2,914
2,915
2,916
2,917
2,918
2,919
2,920
2,921
2,922
2,923
2,924
2,925
2,926
2,927
2,928
2,929
2,930
2,931
2,932
2,933
2,934
2,935
2,936
2,937
2,938
2,939
2,940
2,941
2,942
2,943
2,944
2,945
2,946
2,947
2,948
2,949
2,950
2,951
2,952
2,953
2,954
2,955
2,956
2,957
2,958
2,959
2,960
2,961
2,962
2,963
2,964
2,965
2,966
2,967
2,968
2,969
2,970
2,971
2,972
2,973
2,974
2,975
2,976
2,977
2,978
2,979
2,980
2,981
2,982
2,983
2,984
2,985
2,986
2,987
2,988
2,989
2,990
2,991
2,992
2,993
2,994
2,995
2,996
2,997
2,998
2,999
2,1000
2,1001
2,1002
2,1003
2,1004
2,1005
2,1006
2,1007
2,1008
2,1009
2,1010
2,1011
2,1012
2,1013
2,1014
2,1015
2,1016
2,1017
2,1018
2,1019
2,1020
2,1021
2,1022
2,1023
2,1024
2,1025
2,1026
2,1027
2,1028
2,1029
2,1030
2,1031
2,1032
2,1033
2,1034
2,1035
2,1036
2,1037
2,1038
2,1039
2,1040
2,1041
2,1042
2,1043
2,1044
2,1045
2,1046
2,1047
2,1048
5,1049
5,1050
5,1051
5,1052
5,1053
5,1054
5,1055
5,1056
5,1057
5,1058
5,1059
5,1060
5,1061
5,1062
5,1063
5,1064
5,1065
5,1066
5,1067
5,1068
5,1069
5,1070
5,1071
5,1072
5,1073
5,1074
5,1075
5,1076
5,1077
5,1078
5,1079
5,1080
5,1081
5,1082
5,1083
5,1084
5,1085
5,1086
5,1087
5,1088
5,1089
5,1090
5,1091
5,1092
5,1093
5,1094
5,1095
5,1096
5,1097
5,1098
5,1099
5,1100
5,1101
5,1102
5,1103
5,1104
5,1105
5,1106
5,1107
5,1108
5,1109
5,1110
5,1111
5,1112
5,1113
5,1114
5,1115
5,1116
5,1117
5,1118
5,1119
5,1120
5,1121
5,1122
5,1123
5,1124
5,1125
5,1126
5,1127
5,1128
5,1129
5,1130
5,1131
5,1132
5,1133
5,1134
5,1135
5,1136
5,1137
5,1138
5,1139
5,1140
5,1141
5,1142
5,1143
5,1144
5,1145
5,1146
5,1147
5,1148
5,1149
5,1150
5,1151
5,1152
5,1153
5,1154
5,1155
5,1156
5,1157
5,1158
5,1159
5,1160
5,1161
5,1162
5,1163
5,1164
5,1165
5,1166
5,1167
5,1168
5,1169
5,1170
5,1171
5,1172
5,1173
5,1174
5,1175
5,1176
5,1177
5,1178
5,1179
5,1180
5,1181
5,1182
5,1183
5,1184
5,1185
5,1186
5,1187
5,1188
5,1189
5,1190
5,1191
5,1192
5,1193
5,1194
5,1195
5,1196
5,1197
5,1198
5,1199
5,1200
5,1201
5,1202
5,1203
5,1204
5,1205
5,1206
5,1207
5,1208
5,1209
5,1210
5,1211
5,1212
5,1213
5,1214
5,1215
5,1216
5,1217
5,1218
5,1219
5,1220
5,1221
5,1222
5,1223
5,1224
5,1225
5,1226
5,1227
5,1228
5,1229
5,1230
5,1231
5,1232
5,1233
5,1234
5,1235
5,1236
5,1237
5,1238
5,1239
5,1240
5,1241
5,1242
5,1243
5,1244
5,1245
5,1246
5,1247
5,1248
5,1249
5,1250
5,1251
5,1252
5,1253
5,1254
5,1255
5,1256
5,1257
5,1258
5,1259
5,1260
5,1261
5,1262
5,1263
5,1264
5,1265
5,1266
5,1267
5,1268
5,1269
5,1270
5,1271
5,1272
5,1273
5,1274
5,1275
5,1276
5,1277
5,1278
5,1279
5,1280
5,1281
5,1282
5,1283
5,1284
5,1285
5,1286
5,1287
5,1288
5,1289
5,1290
5,1291
5,1292
5,1293
5,1294
5,1295
5,1296
5,1297
5,1298
5,1299
5,1300
5,1301
5,1302
5,1303
5,1304
5,1305
5,1306
5,1307
5,1308
5,1309
5,1310
5,1311
5,1312
5,1313
5,1314
5,1315
5,1316
5,1317
5,1318
5,1319
5,1320
5,1321
5,1322
5,1323
5,1324
5,1325
5,1326
5,1327
5,1328
5,1329
5,1330
5,1331
5,1332
5,1333
5,1334
5,1335
5,1336
5,1337
5,1338
5,1339
5,1340
5,1341
5,1342
5,1343
5,1344
5,1345
5,1346
5,1347
5,1348
5,1349
5,1350
5,1351
5,1352
5,1353
5,1354
5,1355
5,1356
5,1357
5,1358
5,1359
3,1360
3,1361
3,1362
3,1363
3,1364
3,1365
3,1366
3,1367
3,1368
3,1369
3,1370
3,1371
3,1372
3,1373
3,1374
3,1375
3,1376
3,1377
3,1378
3,1379
3,1380
3,1381
3,1382
3,1383
3,1384
3,1385
3,1386
3,1387
3,1388
3,1389
3,1390
3,1391
3,1392
3,1393
3,1394
3,1395
3,1396
3,1397
3,1398
3,1399
3,1400
3,1401
3,1402
3,1403
3,1404
3,1405
3,1406
3,1407
3,1408
3,1409
3,1410
3,1411
3,1412
3,1413
3,1414
3,1415
3,1416
3,1417
3,1418
3,1419
3,1420
3,1421
3,1422
3,1423
3,1424
3,1425
3,1426
3,1427
3,1428
3,1429
3,1430
3,1431
3,1432
3,1433
3,1434
3,1435
3,1436
3,1437
3,1438
3,1439
3,1440
3,1441
3,1442
3,1443
3,1444
3,1445
3,1446
3,1447
3,1448
3,1449
3,1450
3,1451
3,1452
3,1453
3,1454
3,1455
3,1456
3,1457
3,1458
3,1459
3,1460
3,1461
3,1462
3,1463
3,1464
3,1465
3,1466
3,1467
3,1468
3,1469
3,1470
3,1471
3,1472
3,1473
3,1474
3,1475
3,1476
3,1477
3,1478
3,1479
3,1480
3,1481
3,1482
3,1483
3,1484
3,1485
3,1486
3,1487
3,1488
3,1489
3,1490
3,1491
3,1492
3,1493
3,1494
3,1495
3,1496
3,1497
3,1498
3,1499
3,1500
3,1501
3,1502
3,1503
3,1504
3,1505
3,1506
3,1507
3,1508
3,1509
3,1510
3,1511
3,1512
3,1513
3,1514
3,1515
3,1516
3,1517
3,1518
3,1519
3,1520
3,1521
3,1522
3,1523
3,1524
3,1525
3,1526
3,1527
3,1528
3,1529
3,1530
3,1531
3,1532
3,1533
3,1534
3,1535
3,1536
3,1537
3,1538
3,1539
3,1540
3,1541
3,1542
3,1543
3,1544
3,1545
3,1546
3,1547
3,1548
3,1549
3,1550
3,1551
3,1552
3,1553
3,1554
3,1555
3,1556
3,1557
3,1558
3,1559
3,1560
3,1561
3,1562
3,1563
3,1564
3,1565
3,1566
7,1567
7,1568
7,1569
7,1570
7,1571
7,1572
7,1573
7,1574
7,1575
7,1576
7,1577
7,1578
7,1579
7,1580
7,1581
7,1582
7,1583
7,1584
7,1585
7,1586
7,1587
7,1588
7,1589
7,1590
7,1591
7,1592
7,1593
7,1594
7,1595
7,1596
7,1597
7,1598
7,1599
7,1600
7,1601
7,1602
7,1603
7,1604
7,1605
7,1606
7,1607
7,1608
7,1609
7,1610
7,1611
7,1612
7,1613
7,1614
7,1615
7,1616
7,1617
7,1618
7,1619
7,1620
7,1621
7,1622
7,1623
7,1624
7,1625
7,1626
7,1627
7,1628
7,1629
7,1630
7,1631
7,1632
7,1633
7,1634
7,1635
7,1636
7,1637
7,1638
7,1639
7,1640
7,1641
7,1642
7,1643
7,1644
7,1645
7,1646
7,1647
7,1648
7,1649
7,1650
7,1651
7,1652
7,1653
7,1654
7,1655
7,1656
7,1657
7,1658
7,1659
7,1660
7,1661
7,1662
7,1663
7,1664
7,1665
7,1666
7,1667
7,1668
7,1669
7,1670
7,1671
7,1672
7,1673
7,1674
7,1675
7,1676
7,1677
7,1678
7,1679
7,1680
7,1681
7,1682
7,1683
7,1684
7,1685
7,1686
7,1687
7,1688
7,1689
7,1690
7,1691
7,1692
7,1693
7,1694
7,1695
7,1696
7,1697
7,1698
7,1699
7,1700
7,1701
7,1702
7,1703
7,1704
7,1705
7,1706
7,1707
7,1708
7,1709
7,1710
7,1711
7,1712
7,1713
7,1714
7,1715
7,1716
7,1717
7,1718
7,1719
7,1720
7,1721
7,1722
7,1723
7,1724
7,1725
7,1726
7,1727
7,1728
7,1729
7,1730
7,1731
7,1732
7,1733
7,1734
7,1735
7,1736
7,1737
7,1738
7,1739
7,1740
7,1741
7,1742
7,1743
7,1744
7,1745
7,1746
7,1747
7,1748
7,1749
7,1750
7,1751
7,1752
7,1753
7,1754
7,1755
7,1756
7,1757
7,1758
7,1759
7,1760
7,1761
7,1762
6,1763
6,1764
6,1765
6,1766
6,1767
6,1768
6,1769
6,1770
6,1771
6,1772
6,1773
6,1774
6,1775
6,1776
6,1777
6,1778
6,1779
6,1780
6,1781
6,1782
6,1783
6,1784
6,1785
6,1786
6,1787
6,1788
6,1789
6,1790
6,1791
6,1792
6,1793
6,1794
6,1795
6,1796
6,1797
6,1798
6,1799
6,1800
6,1801
6,1802
6,1803
6,1804
6,1805
6,1806
6,1807
6,1808
6,1809
6,1810
6,1811
6,1812
6,1813
6,1814
6,1815
6,1816
6,1817
6,1818
6,1819
6,1820
6,1821
6,1822
6,1823
6,1824
6,1825
6,1826
6,1827
6,1828
6,1829
6,1830
6,1831
6,1832
6,1833
6,1834
6,1835
6,1836
6,1837
6,1838
6,1839
6,1840
6,1841
6,1842
6,1843
6,1844
6,1845
6,1846
6,1847
6,1848
6,1849
6,1850
6,1851
6,1852
6,1853
6,1854
6,1855
6,1856
6,1857
6,1858
6,1859
6,1860
6,1861
6,1862
6,1863
6,1864
6,1865
6,1866
6,1867
6,1868
6,1869
6,1870
6,1871
6,1872
6,1873
6,1874
6,1875
6,1876
6,1877
6,1878
6,1879
6,1880
6,1881
6,1882
6,1883
6,1884
6,1885
6,1886
6,1887
6,1888
6,1889
6,1890
6,1891
6,1892
6,1893
6,1894
6,1895
6,1896
6,1897
6,1898
6,1899
6,1900
6,1901
6,1902
6,1903
6,1904
6,1905
6,1906
6,1907
6,1908
6,1909
6,1910
6,1911
6,1912
6,1913
6,1914
6,1915
6,1916
6,1917
6,1918
6,1919
6,1920
6,1921
6,1922
6,1923
6,1924
6,1925
6,1926
6,1927
6,1928
6,1929
6,1930
6,1931
6,1932
6,1933
6,1934
6,1935
6,1936
6,1937
6,1938
6,1939
6,1940
6,1941
6,1942
6,1943
6,1944
6,1945
6,1946
6,1947
6,1948
6,1949
6,1950
6,1951
6,1952
6,1953
6,1954
6,1955
6,1956
6,1957
6,1958
6,1959
6,1960
6,1961
6,1962
6,1963
6,1964
6,1965
6,1966
6,1967
6,1968
6,1969
6,1970
6,1971
6,1972
6,1973
6,1974
6,1975
6,1976
6,1977
6,1978
6,1979
6,1980
6,1981
6,1982
6,1983
6,1984
6,1985
10,1986
10,1987
10,1988
10,1989
10,1990
10,1991
10,1992
10,1993
10,1994
10,1995
10,1996
10,1997
10,1998
10,1999
10,2000
10,2001
10,2002
10,2003
10,2004
10,2005
10,2006
10,2007
10,2008
10,2009
10,2010
10,2011
10,2012
10,2013
10,2014
10,2015
10,2016
10,2017
10,2018
10,2019
10,2020
10,2021
10,2022
10,2023
10,2024
10,2025
10,2026
10,2027
10,2028
10,2029
10,2030
10,2031
10,2032
10,2033
10,2034
10,2035
10,2036
10,2037
10,2038
10,2039
10,2040
10,2041
10,2042
10,2043
10,2044
10,2045
10,2046
10,2047
10,2048
10,2049
10,2050
10,2051
10,2052
10,2053
10,2054
10,2055
10,2056
10,2057
10,2058
10,2059
10,2060
10,2061
10,2062
10,2063
10,2064
10,2065
10,2066
10,2067
10,2068
10,2069
10,2070
10,2071
10,2072
10,2073
10,2074
10,2075
10,2076
10,2077
10,2078
10,2079
10,2080
10,2081
10,2082
10,2083
10,2084
10,2085
10,2086
10,2087
10,2088
10,2089
10,2090
10,2091
10,2092
10,2093
10,2094
10,2095
10,2096
10,2097
10,2098
10,2099
10,2100
10,2101
10,2102
10,2103
10,2104
10,2105
10,2106
10,2107
10,2108
10,2109
10,2110
10,2111
10,2112
10,2113
10,2114
10,2115
10,2116
10,2117
10,2118
10,2119
10,2120
10,2121
10,2122
10,2123
10,2124
10,2125
10,2126
10,2127
10,2128
10,2129
10,2130
10,2131
10,2132
10,2133
10,2134
10,2135
10,2136
10,2137
10,2138
10,2139
10,2140
10,2141
10,2142
10,2143
10,2144
10,2145
10,2146
10,2147
10,2148
10,2149
10,2150
10,2151
10,2152
10,2153
10,2154
10,2155
10,2156
10,2157
10,2158
10,2159
10,2160
10,2161
10,2162
10,2163
10,2164
10,2165
10,2166
10,2167
10,2168
10,2169
10,2170
10,2171
10,2172
10,2173
10,2174
10,2175
10,2176
10,2177
10,2178
10,2179
10,2180
10,2181
10,2182
10,2183
10,2184
10,2185
10,2186
10,2187
10,2188
10,2189
10,2190
10,2191
10,2192
10,2193
10,2194
10,2195
10,2196
10,2197
10,2198
10,2199
10,2200
10,2201
10,2202
10,2203
10,2204
10,2205
10,2206
10,2207
10,2208
10,2209
10,2210
10,2211
10,2212
10,2213
10,2214
10,2215
10,2216
10,2217
10,2218
10,2219
10,2220
10,2221
10,2222
10,2223
10,2224
10,2225
10,2226
10,2227
10,2228
10,2229
10,2230
10,2231
10,2232
10,2233
10,2234
10,2235
10,2236
10,2237
10,2238
10,2239
10,2240
10,2241
10,2242
10,2243
10,2244
10,2245
10,2246
10,2247
10,2248
10,2249
10,2250
10,2251
10,2252
10,2253
10,2254
10,2255
10,2256
10,2257
10,2258
10,2259
10,2260
10,2261
10,2262
10,2263
10,2264
10,2265
10,2266
10,2267
10,2268
10,2269
10,2270
10,2271
10,2272
10,2273
10,2274
10,2275
10,2276
10,2277
10,2278
10,2279
10,2280
10,2281
10,2282
10,2283
10,2284
10,2285
10,2286
10,2287
10,2288
10,2289
10,2290
10,2291
10,2292
10,2293
10,2294
10,2295
10,2296
10,2297
10,2298
10,2299
10,2300
10,2301
10,2302
10,2303
10,2304
10,2305
10,2306
10,2307
10,2308
10,2309
10,2310
10,2311
10,2312
10,2313
10,2314
10,2315
10,2316
10,2317
10,2318
10,2319
10,2320
10,2321
10,2322
10,2323
10,2324
10,2325
10,2326
10,2327
10,2328
10,2329
10,2330
10,2331
10,2332
10,2333
10,2334
10,2335
10,2336
10,2337
10,2338
10,2339
10,2340
10,2341
10,2342
10,2343
10,2344
10,2345
10,2346
10,2347
10,2348
10,2349
10,2350
10,2351
10,2352
10,2353
10,2354
10,2355
10,2356
10,2357
10,2358
10,2359
10,2360
10,2361
10,2362
10,2363
10,2364
10,2365
10,2366
10,2367
10,2368
10,2369
10,2370
10,2371
10,2372
10,2373
10,2374
10,2375
10,2376
10,2377
10,2378
10,2379
10,2380
10,2381
10,2382
10,2383
10,2384
10,2385
10,2386
10,2387
10,2388
10,2389
10,2390
10,2391
10,2392
10,2393
10,2394
10,2395
10,2396
10,2397
10,2398
10,2399
10,2400
10,2401
10,2402
10,2403
10,2404
10,2405
10,2406
10,2407
10,2408
10,2409
10,2410
10,2411
10,2412
10,2413
8,2414
8,2415
8,2416
8,2417
8,2418
8,2419
8,2420
8,2421
8,2422
8,2423
8,2424
8,2425
8,2426
8,2427
8,2428
8,2429
8,2430
8,2431
8,2432
8,2433
8,2434
8,2435
8,2436
8,2437
8,2438
8,2439
8,2440
8,2441
8,2442
8,2443
8,2444
8,2445
8,2446
8,2447
8,2448
8,2449
8,2450
8,2451
8,2452
8,2453
8,2454
8,2455
8,2456
8,2457
8,2458
8,2459
8,2460
8,2461
8,2462
8,2463
8,2464
8,2465
8,2466
8,2467
8,2468
8,2469
8,2470
8,2471
8,2472
8,2473
8,2474
8,2475
8,2476
8,2477
8,2478
8,2479
8,2480
8,2481
8,2482
8,2483
8,2484
8,2485
8,2486
8,2487
8,2488
8,2489
8,2490
8,2491
8,2492
8,2493
8,2494
8,2495
8,2496
8,2497
8,2498
8,2499
8,2500
8,2501
8,2502
8,2503
8,2504
8,2505
8,2506
8,2507
8,2508
8,2509
8,2510
8,2511
8,2512
8,2513
8,2514
8,2515
8,2516
8,2517
8,2518
8,2519
8,2520
8,2521
8,2522
8,2523
8,2524
8,2525
8,2526
8,2527
8,2528
8,2529
8,2530
8,2531
8,2532
8,2533
8,2534
8,2535
8,2536
8,2537
8,2538
8,2539
8,2540
8,2541
8,2542
8,2543
8,2544
8,2545
8,2546
8,2547
8,2548
8,2549
8,2550
8,2551
8,2552
8,2553
8,2554
8,2555
8,2556
8,2557
8,2558
8,2559
8,2560
8,2561
8,2562
8,2563
8,2564
8,2565
8,2566
8,2567
8,2568
8,2569
8,2570
8,2571
8,2572
8,2573
8,2574
8,2575
8,2576
8,2577
8,2578
8,2579
8,2580
8,2581
8,2582
8,2583
8,2584
8,2585
8,2586
8,2587
8,2588
8,2589
8,2590
8,2591
8,2592
8,2593
8,2594
8,2595
8,2596
8,2597
8,2598
8,2599
8,2600
8,2601
8,2602
8,2603
8,2604
8,2605
8,2606
8,2607
8,2608
8,2609
8,2610
8,2611
8,2612
8,2613
8,2614
8,2615
8,2616
8,2617
8,2618
8,2619
8,2620
8,2621
8,2622
8,2623
8,2624
8,2625
8,2626
8,2627
8,2628
8,2629
8,2630
8,2631
8,2632
8,2633
8,2634
8,2635
8,2636
8,2637
8,2638
8,2639
8,2640
8,2641
8,2642
8,2643
8,2644
8,2645
8,2646
8,2647
8,2648
8,2649
8,2650
8,2651
8,2652
8,2653
8,2654
8,2655
8,2656
8,2657
8,2658
8,2659
8,2660
8,2661
8,2662
8,2663
8,2664
8,2665
8,2666
8,2667
8,2668
8,2669
8,2670
8,2671
8,2672
8,2673
8,2674
8,2675
8,2676
8,2677
8,2678
8,2679
8,2680
8,2681
8,2682
8,2683
8,2684
8,2685
8,2686
8,2687
8,2688
8,2689
8,2690
8,2691
8,2692
8,2693
8,2694
8,2695
8,2696
8,2697
8,2698
8,2699
8,2700
8,2701
8,2702
8,2703
8,2704
8,2705
8,2706
8,2707
8,2708
8,2709
8,2710
8,2711
8,2712
8,2713
8,2714
8,2715
8,2716
8,2717
8,2718
8,2719
8,2720
8,2721
8,2722
8,2723
8,2724
8,2725
8,2726
8,2727
8,2728
8,2729
8,2730
8,2731
8,2732
8,2733
8,2734
8,2735
8,2736
8,2737
8,2738
8,2739
8,2740
8,2741
8,2742
8,2743
8,2744
8,2745
8,2746
8,2747
8,2748
8,2749
8,2750
8,2751
8,2752
8,2753
8,2754
8,2755
8,2756
8,2757
8,2758
8,2759
8,2760
8,2761
8,2762
8,2763
8,2764
8,2765
8,2766
8,2767
8,2768
8,2769
8,2770
8,2771
8,2772
8,2773
8,2774
8,2775
8,2776
8,2777
8,2778
8,2779
8,2780
8,2781
8,2782
8,2783
8,2784
8,2785
8,2786
8,2787
8,2788
8,2789
8,2790
8,2791
8,2792
8,2793
8,2794
8,2795
8,2796
8,2797
8,2798
8,2799
8,2800
8,2801
8,2802
8,2803
8,2804
8,2805
8,2806
8,2807
8,2808
8,2809
8,2810
8,2811
8,2812
8,2813
8,2814
8,2815
8,2816
8,2817
8,2818
8,2819
8,2820
8,2821
8,2822
8,2823
8,2824
8,2825
8,2826
8,2827
8,2828
8,2829
8,2830
8,2831
8,2832
8,2833
8,2834
8,2835
8,2836
8,2837
8,2838
8,2839
8,2840
8,2841
8,2842
8,2843
8,2844
8,2845
8,2846
8,2847
8,2848
8,2849
8,2850
8,2851
8,2852
8,2853
8,2854
8,2855
8,2856
8,2857
8,2858
8,2859
8,2860
8,2861
8,2862
8,2863
8,2864
8,2865
8,2866
8,2867
8,2868
8,2869
8,2870
8,2871
8,2872
8,2873
8,2874
8,2875
11,2876
11,2877
11,2878
11,2879
11,2880
11,2881
11,2882
11,2883
11,2884
11,2885
11,2886
11,2887
11,2888
11,2889
11,2890
11,2891
11,2892
11,2893
11,2894
11,2895
11,2896
11,2897
11,2898
11,2899
11,2900
11,2901
11,2902
11,2903
11,2904
11,2905
11,2906
11,2907
11,2908
11,2909
11,2910
11,2911
11,2912
11,2913
11,2914
11,2915
11,2916
11,2917
11,2918
11,2919
11,2920
11,2921
11,2922
11,2923
11,2924
11,2925
11,2926
11,2927
11,2928
11,2929
11,2930
11,2931
11,2932
11,2933
11,2934
11,2935
11,2936
11,2937
11,2938
11,2939
11,2940
11,2941
11,2942
11,2943
11,2944
11,2945
11,2946
11,2947
11,2948
11,2949
11,2950
11,2951
11,2952
11,2953
11,2954
11,2955
11,2956
11,2957
11,2958
11,2959
11,2960
11,2961
11,2962
11,2963
11,2964
11,2965
11,2966
11,2967
11,2968
11,2969
11,2970
11,2971
11,2972
11,2973
11,2974
11,2975
11,2976
11,2977
11,2978
11,2979
11,2980
11,2981
11,2982
11,2983
11,2984
11,2985
11,2986
11,2987
11,2988
11,2989
11,2990
11,2991
11,2992
11,2993
11,2994
11,2995
11,2996
11,2997
11,2998
11,2999
11,3000
11,3001
11,3002
11,3003
11,3004
11,3005
11,3006
11,3007
11,3008
11,3009
11,3010
11,3011
11,3012
11,3013
11,3014
11,3015
11,3016
11,3017
11,3018
11,3019
11,3020
11,3021
11,3022
11,3023
11,3024
11,3025
11,3026
11,3027
11,3028
11,3029
11,3030
11,3031
11,3032
11,3033
11,3034
11,3035
11,3036
11,3037
11,3038
11,3039
11,3040
11,3041
11,3042
11,3043
11,3044
11,3045
11,3046
11,3047
11,3048
11,3049
11,3050
11,3051
11,3052
11,3053
11,3054
11,3055
11,3056
11,3057
11,3058
11,3059
11,3060
11,3061
11,3062
11,3063
11,3064
11,3065
11,3066
11,3067
11,3068
11,3069
11,3070
11,3071
11,3072
11,3073
11,3074
11,3075
11,3076
11,3077
11,3078
11,3079
11,3080
11,3081
11,3082
11,3083
11,3084
11,3085
11,3086
11,3087
11,3088
11,3089
11,3090
11,3091
11,3092
11,3093
11,3094
11,3095
11,3096
11,3097
11,3098
11,3099
11,3100
11,3101
11,3102
11,3103
11,3104
11,3105
11,3106
11,3107
11,3108
11,3109
11,3110
11,3111
11,3112
11,3113
11,3114
11,3115
11,3116
11,3117
11,3118
11,3119
11,3120
11,3121
11,3122
11,3123
11,3124
11,3125
11,3126
11,3127
11,3128
11,3129
11,3130
11,3131
11,3132
11,3133
11,3134
11,3135
11,3136
11,3137
11,3138
11,3139
11,3140
11,3141
11,3142
11,3143
11,3144
11,3145
11,3146
11,3147
11,3148
11,3149
11,3150
11,3151
11,3152
11,3153
11,3154
11,3155
11,3156
11,3157
11,3158
11,3159
11,3160
11,3161
11,3162
11,3163
11,3164
11,3165
11,3166
11,3167
11,3168
11,3169
11,3170
11,3171
11,3172
11,3173
11,3174
11,3175
11,3176
11,3177
11,3178
11,3179
11,3180
11,3181
11,3182
11,3183
11,3184
11,3185
11,3186
11,3187
11,3188
11,3189
11,3190
11,3191
11,3192
11,3193
11,3194
11,3195
11,3196
11,3197
11,3198
11,3199
11,3200
11,3201
11,3202
11,3203
11,3204
11,3205
11,3206
11,3207
11,3208
11,3209
11,3210
11,3211
11,3212
11,3213
11,3214
11,3215
11,3216
11,3217
11,3218
11,3219
11,3220
11,3221
11,3222
11,3223
11,3224
11,3225
11,3226
11,3227
11,3228
11,3229
11,3230
11,3231
11,3232
11,3233
11,3234
11,3235
11,3236
11,3237
11,3238
11,3239
11,3240
11,3241
11,3242
11,3243
11,3244
11,3245
11,3246
11,3247
11,3248
11,3249
11,3250
11,3251
11,3252
11,3253
11,3254
11,3255
11,3256
11,3257
11,3258
11,3259
11,3260
11,3261
11,3262
11,3263
11,3264
11,3265
11,3266
11,3267
11,3268
11,3269
11,3270
11,3271
11,3272
11,3273
11,3274
11,3275
11,3276
11,3277
11,3278
11,3279
11,3280
11,3281
11,3282
11,3283
11,3284
11,3285
11,3286
11,3287
11,3288
11,3289
11,3290
11,3291
11,3292
11,3293
11,3294
11,3295
11,3296
11,3297
11,3298
11,3299
11,3300
11,3301
11,3302
11,3303
11,3304
11,3305
11,3306
11,3307
11,3308
11,3309
11,3310
11,3311
11,3312
11,3313
11,3314
11,3315
11,3316
11,3317
11,3318
11,3319
11,3320
11,3321
11,3322
11,3323
11,3324
11,3325
11,3326
11,3327
11,3328
9,3329
9,3330
9,3331
9,3332
9,3333
9,3334
9,3335
9,3336
9,3337
9,3338
9,3339
9,3340
9,3341
9,3342
9,3343
9,3344
9,3345
9,3346
9,3347
9,3348
9,3349
9,3350
9,3351
9,3352
9,3353
9,3354
9,3355
9,3356
9,3357
9,3358
9,3359
9,3360
9,3361
9,3362
9,3363
9,3364
9,3365
9,3366
9,3367
9,3368
9,3369
9,3370
9,3371
9,3372
9,3373
9,3374
9,3375
9,3376
9,3377
9,3378
9,3379
9,3380
9,3381
9,3382
9,3383
9,3384
9,3385
9,3386
9,3387
9,3388
9,3389
9,3390
9,3391
9,3392
9,3393
9,3394
9,3395
9,3396
9,3397
9,3398
9,3399
9,3400
9,3401
9,3402
9,3403
9,3404
9,3405
9,3406
9,3407
9,3408
9,3409
9,3410
9,3411
9,3412
9,3413
9,3414
9,3415
9,3416
9,3417
9,3418
9,3419
9,3420
9,3421
9,3422
9,3423
9,3424
9,3425
9,3426
9,3427
9,3428
9,3429
9,3430
9,3431
9,3432
9,3433
9,3434
9,3435
9,3436
9,3437
9,3438
9,3439
9,3440
9,3441
9,3442
9,3443
9,3444
9,3445
9,3446
9,3447
9,3448
9,3449
9,3450
9,3451
9,3452
9,3453
9,3454
9,3455
9,3456
9,3457
9,3458
9,3459
9,3460
9,3461
9,3462
9,3463
9,3464
9,3465
9,3466
9,3467
9,3468
9,3469
9,3470
9,3471
9,3472
9,3473
9,3474
9,3475
9,3476
9,3477
9,3478
9,3479
9,3480
9,3481
9,3482
9,3483
9,3484
9,3485
9,3486
9,3487
9,3488
9,3489
9,3490
9,3491
9,3492
9,3493
9,3494
9,3495
9,3496
9,3497
9,3498
9,3499
9,3500
9,3501
9,3502
9,3503
9,3504
9,3505
9,3506
9,3507
9,3508
9,3509
9,3510
9,3511
9,3512
9,3513
9,3514
9,3515
9,3516
9,3517
9,3518
9,3519
9,3520
9,3521
9,3522
9,3523
9,3524
9,3525
9,3526
9,3527
9,3528
9,3529
9,3530
9,3531
9,3532
9,3533
9,3534
9,3535
9,3536
9,3537
9,3538
9,3539
9,3540
9,3541
9,3542
9,3543
9,3544
9,3545
9,3546
9,3547
9,3548
9,3549
9,3550
9,3551
9,3552
9,3553
9,3554
9,3555
9,3556
9,3557
9,3558
9,3559
9,3560
9,3561
9,3562
9,3563
9,3564
9,3565
9,3566
9,3567
9,3568
9,3569
9,3570
9,3571
9,3572
9,3573
9,3574
9,3575
9,3576
9,3577
9,3578
9,3579
9,3580
9,3581
9,3582
9,3583
9,3584
9,3585
9,3586
9,3587
9,3588
9,3589
9,3590
9,3591
9,3592
9,3593
9,3594
9,3595
9,3596
9,3597
9,3598
9,3599
9,3600
9,3601
9,3602
9,3603
9,3604
9,3605
9,3606
9,3607
9,3608
9,3609
9,3610
9,3611
9,3612
9,3613
9,3614
9,3615
9,3616
9,3617
9,3618
9,3619
9,3620
9,3621
9,3622
9,3623
9,3624
9,3625
9,3626
9,3627
9,3628
9,3629
9,3630
9,3631
9,3632
9,3633
9,3634
9,3635
9,3636
9,3637
9,3638
9,3639
9,3640
9,3641
9,3642
9,3643
9,3644
9,3645
9,3646
9,3647
9,3648
9,3649
9,3650
9,3651
9,3652
9,3653
9,3654
9,3655
9,3656
9,3657
9,3658
9,3659
9,3660
9,3661
9,3662
9,3663
9,3664
9,3665
9,3666
9,3667
9,3668
9,3669
9,3670
9,3671
9,3672
9,3673
9,3674
9,3675
9,3676
9,3677
9,3678
9,3679
9,3680
9,3681
9,3682
9,3683
9,3684
9,3685
9,3686
9,3687
9,3688
9,3689
9,3690
9,3691
9,3692
9,3693
12,3694
12,3695
12,3696
12,3697
12,3698
12,3699
12,3700
12,3701
12,3702
12,3703
12,3704
12,3705
12,3706
12,3707
12,3708
12,3709
12,3710
12,3711
12,3712
12,3713
12,3714
12,3715
12,3716
12,3717
12,3718
12,3719
12,3720
12,3721
12,3722
12,3723
12,3724
12,3725
12,3726
12,3727
12,3728
12,3729
12,3730
12,3731
12,3732
12,3733
12,3734
12,3735
12,3736
12,3737
12,3738
12,3739
12,3740
12,3741
12,3742
12,3743
12,3744
12,3745
12,3746
12,3747
12,3748
12,3749
12,3750
12,3751
12,3752
12,3753
12,3754
12,3755
12,3756
12,3757
12,3758
12,3759
12,3760
12,3761
12,3762
12,3763
12,3764
12,3765
12,3766
12,3767
12,3768
12,3769
12,3770
12,3771
12,3772
12,3773
12,3774
12,3775
12,3776
12,3777
12,3778
12,3779
12,3780
12,3781
12,3782
12,3783
12,3784
12,3785
12,3786
12,3787
12,3788
12,3789
12,3790
12,3791
12,3792
12,3793
12,3794
12,3795
12,3796
12,3797
12,3798
12,3799
12,3800
12,3801
12,3802
12,3803
12,3804
12,3805
14,3806
14,3807
14,3808
14,3809
14,3810
14,3811
14,3812
14,3813
14,3814
14,3815
14,3816
14,3817
14,3818
14,3819
14,3820
14,3821
14,3822
14,3823
14,3824
14,3825
14,3826
14,3827
14,3828
14,3829
14,3830
14,3831
14,3832
14,3833
14,3834
14,3835
14,3836
14,3837
14,3838
14,3839
14,3840
14,3841
14,3842
14,3843
14,3844
14,3845
14,3846
14,3847
14,3848
14,3849
14,3850
14,3851
14,3852
14,3853
14,3854
14,3855
14,3856
14,3857
14,3858
14,3859
14,3860
14,3861
14,3862
14,3863
14,3864
14,3865
14,3866
14,3867
14,3868
14,3869
14,3870
14,3871
14,3872
14,3873
14,3874
14,3875
14,3876
14,3877
14,3878
14,3879
14,3880
14,3881
14,3882
14,3883
14,3884
14,3885
14,3886
14,3887
14,3888
14,3889
14,3890
14,3891
14,3892
14,3893
14,3894
14,3895
14,3896
14,3897
14,3898
14,3899
14,3900
14,3901
14,3902
14,3903
14,3904
14,3905
14,3906
14,3907
14,3908
14,3909
14,3910
14,3911
14,3912
14,3913
14,3914
13,3915
13,3916
13,3917
13,3918
13,3919
13,3920
13,3921
13,3922
13,3923
13,3924
13,3925
13,3926
13,3927
13,3928
13,3929
13,3930
13,3931
13,3932
13,3933
13,3934
13,3935
13,3936
13,3937
13,3938
13,3939
13,3940
13,3941
13,3942
13,3943
13,3944
13,3945
13,3946
13,3947
13,3948
13,3949
13,3950
13,3951
13,3952
13,3953
13,3954
13,3955
13,3956
13,3957
13,3958
13,3959
13,3960
13,3961
13,3962
13,3963
13,3964
13,3965
13,3966
13,3967
13,3968
13,3969
13,3970
13,3971
13,3972
13,3973
13,3974
13,3975
13,3976
13,3977
13,3978
13,3979
13,3980
13,3981
13,3982
13,3983
13,3984
13,3985
13,3986
13,3987
13,3988
13,3989
13,3990
13,3991
13,3992
13,3993
13,3994
13,3995
13,3996
13,3997
13,3998
13,3999
13,4000
13,4001
13,4002
13,4003
13,4004
13,4005
13,4006
13,4007
13,4008
13,4009
13,4010
13,4011
13,4012
13,4013
13,4014
13,4015
13,4016
13,4017
13,4018
13,4019
13,4020
13,4021
13,4022
13,4023
13,4024
13,4025
13,4026
13,4027
13,4028
13,4029
17,4030
17,4031
17,4032
17,4033
17,4034
17,4035
17,4036
17,4037
17,4038
17,4039
17,4040
17,4041
17,4042
17,4043
17,4044
17,4045
17,4046
17,4047
17,4048
17,4049
17,4050
17,4051
17,4052
17,4053
17,4054
17,4055
17,4056
17,4057
17,4058
17,4059
17,4060
17,4061
17,4062
17,4063
17,4064
17,4065
17,4066
17,4067
17,4068
17,4069
17,4070
17,4071
17,4072
17,4073
17,4074
17,4075
17,4076
17,4077
17,4078
17,4079
17,4080
17,4081
17,4082
17,4083
17,4084
17,4085
17,4086
17,4087
17,4088
17,4089
17,4090
17,4091
17,4092
17,4093
17,4094
17,4095
17,4096
17,4097
17,4098
17,4099
17,4100
17,4101
17,4102
17,4103
17,4104
17,4105
17,4106
17,4107
17,4108
17,4109
17,4110
17,4111
17,4112
17,4113
17,4114
17,4115
17,4116
17,4117
17,4118
17,4119
17,4120
17,4121
17,4122
17,4123
17,4124
17,4125
17,4126
17,4127
17,4128
17,4129
17,4130
17,4131
17,4132
17,4133
17,4134
17,4135
17,4136
17,4137
17,4138
17,4139
17,4140
17,4141
17,4142
17,4143
17,4144
17,4145
17,4146
17,4147
17,4148
17,4149
17,4150
17,4151
17,4152
17,4153
17,4154
17,4155
17,4156
17,4157
17,4158
17,4159
17,4160
17,4161
17,4162
17,4163
17,4164
17,4165
17,4166
17,4167
17,4168
17,4169
17,4170
17,4171
17,4172
17,4173
17,4174
17,4175
17,4176
17,4177
17,4178
17,4179
17,4180
17,4181
17,4182
17,4183
17,4184
17,4185
17,4186
17,4187
17,4188
17,4189
17,4190
17,4191
17,4192
17,4193
17,4194
17,4195
17,4196
17,4197
17,4198
17,4199
17,4200
17,4201
17,4202
17,4203
17,4204
17,4205
17,4206
17,4207
17,4208
17,4209
17,4210
17,4211
17,4212
17,4213
17,4214
17,4215
17,4216
17,4217
17,4218
17,4219
17,4220
17,4221
17,4222
17,4223
17,4224
17,4225
17,4226
17,4227
17,4228
17,4229
17,4230
17,4231
17,4232
17,4233
17,4234
17,4235
17,4236
17,4237
17,4238
17,4239
17,4240
17,4241
17,4242
17,4243
17,4244
17,4245
17,4246
17,4247
17,4248
17,4249
17,4250
17,4251
17,4252
17,4253
17,4254
17,4255
17,4256
17,4257
17,4258
17,4259
17,4260
17,4261
17,4262
17,4263
17,4264
17,4265
17,4266
17,4267
17,4268
17,4269
17,4270
17,4271
17,4272
17,4273
17,4274
17,4275
17,4276
17,4277
17,4278
17,4279
17,4280
17,4281
17,4282
17,4283
17,4284
17,4285
17,4286
17,4287
17,4288
17,4289
17,4290
17,4291
17,4292
17,4293
17,4294
17,4295
17,4296
17,4297
17,4298
17,4299
17,4300
17,4301
17,4302
17,4303
17,4304
17,4305
17,4306
17,4307
17,4308
17,4309
17,4310
17,4311
17,4312
17,4313
17,4314
17,4315
17,4316
17,4317
17,4318
17,4319
17,4320
17,4321
17,4322
17,4323
17,4324
17,4325
17,4326
17,4327
17,4328
17,4329
17,4330
17,4331
17,4332
17,4333
17,4334
17,4335
17,4336
17,4337
17,4338
17,4339
17,4340
17,4341
17,4342
17,4343
17,4344
17,4345
17,4346
17,4347
17,4348
17,4349
17,4350
17,4351
17,4352
17,4353
17,4354
17,4355
17,4356
17,4357
17,4358
17,4359
17,4360
17,4361
17,4362
17,4363
17,4364
17,4365
17,4366
17,4367
17,4368
17,4369
17,4370
17,4371
17,4372
17,4373
17,4374
17,4375
17,4376
17,4377
17,4378
17,4379
17,4380
17,4381
17,4382
17,4383
17,4384
17,4385
17,4386
17,4387
17,4388
17,4389
17,4390
17,4391
17,4392
17,4393
17,4394
17,4395
17,4396
17,4397
17,4398
17,4399
17,4400
17,4401
17,4402
17,4403
17,4404
17,4405
17,4406
17,4407
17,4408
17,4409
17,4410
17,4411
17,4412
17,4413
17,4414
17,4415
17,4416
17,4417
17,4418
17,4419
17,4420
17,4421
17,4422
17,4423
17,4424
17,4425
17,4426
17,4427
17,4428
17,4429
17,4430
17,4431
17,4432
17,4433
17,4434
17,4435
17,4436
17,4437
17,4438
17,4439
17,4440
17,4441
17,4442
17,4443
17,4444
17,4445
17,4446
17,4447
17,4448
17,4449
17,4450
17,4451
17,4452
17,4453
17,4454
17,4455
17,4456
17,4457
17,4458
17,4459
17,4460
17,4461
17,4462
17,4463
17,4464
17,4465
17,4466
17,4467
17,4468
17,4469
17,4470
17,4471
17,4472
17,4473
17,4474
17,4475
17,4476
17,4477
17,4478
17,4479
17,4480
17,4481
17,4482
17,4483
17,4484
17,4485
17,4486
17,4487
17,4488
17,4489
17,4490
17,4491
17,4492
17,4493
17,4494
17,4495
17,4496
17,4497
17,4498
17,4499
17,4500
17,4501
17,4502
17,4503
17,4504
17,4505
17,4506
17,4507
17,4508
17,4509
17,4510
17,4511
17,4512
17,4513
17,4514
17,4515
17,4516
17,4517
17,4518
17,4519
17,4520
17,4521
17,4522
17,4523
17,4524
17,4525
17,4526
17,4527
17,4528
17,4529
17,4530
17,4531
17,4532
17,4533
17,4534
17,4535
17,4536
17,4537
15,4538
15,4539
15,4540
15,4541
15,4542
15,4543
15,4544
15,4545
15,4546
15,4547
15,4548
15,4549
15,4550
15,4551
15,4552
15,4553
15,4554
15,4555
15,4556
15,4557
15,4558
15,4559
15,4560
15,4561
15,4562
15,4563
15,4564
15,4565
15,4566
15,4567
15,4568
15,4569
15,4570
15,4571
15,4572
15,4573
15,4574
15,4575
15,4576
15,4577
15,4578
15,4579
15,4580
15,4581
15,4582
15,4583
15,4584
15,4585
15,4586
15,4587
15,4588
15,4589
15,4590
15,4591
15,4592
15,4593
15,4594
15,4595
15,4596
15,4597
15,4598
15,4599
15,4600
15,4601
15,4602
15,4603
15,4604
15,4605
15,4606
15,4607
15,4608
15,4609
15,4610
15,4611
15,4612
15,4613
15,4614
15,4615
15,4616
15,4617
15,4618
15,4619
15,4620
15,4621
15,4622
15,4623
15,4624
15,4625
15,4626
15,4627
15,4628
15,4629
15,4630
15,4631
15,4632
15,4633
15,4634
15,4635
15,4636
15,4637
15,4638
15,4639
15,4640
15,4641
15,4642
15,4643
15,4644
15,4645
15,4646
15,4647
15,4648
15,4649
15,4650
15,4651
15,4652
15,4653
15,4654
15,4655
15,4656
15,4657
15,4658
15,4659
15,4660
15,4661
15,4662
15,4663
15,4664
15,4665
15,4666
15,4667
15,4668
15,4669
15,4670
15,4671
15,4672
15,4673
15,4674
15,4675
15,4676
15,4677
15,4678
15,4679
15,4680
15,4681
15,4682
15,4683
15,4684
15,4685
15,4686
15,4687
15,4688
15,4689
15,4690
15,4691
15,4692
15,4693
15,4694
15,4695
15,4696
15,4697
15,4698
15,4699
15,4700
15,4701
15,4702
15,4703
15,4704
15,4705
15,4706
15,4707
15,4708
15,4709
15,4710
15,4711
15,4712
15,4713
15,4714
15,4715
15,4716
15,4717
15,4718
15,4719
15,4720
15,4721
15,4722
15,4723
15,4724
15,4725
15,4726
15,4727
15,4728
15,4729
15,4730
15,4731
15,4732
15,4733
15,4734
15,4735
15,4736
15,4737
15,4738
15,4739
15,4740
15,4741
15,4742
15,4743
15,4744
15,4745
15,4746
15,4747
15,4748
15,4749
15,4750
15,4751
15,4752
15,4753
15,4754
15,4755
15,4756
15,4757
15,4758
15,4759
15,4760
15,4761
15,4762
15,4763
15,4764
15,4765
15,4766
15,4767
15,4768
15,4769
15,4770
15,4771
15,4772
15,4773
15,4774
15,4775
15,4776
15,4777
15,4778
15,4779
15,4780
15,4781
15,4782
15,4783
15,4784
15,4785
15,4786
15,4787
15,4788
15,4789
15,4790
15,4791
15,4792
15,4793
15,4794
15,4795
15,4796
15,4797
15,4798
15,4799
15,4800
15,4801
15,4802
15,4803
15,4804
15,4805
15,4806
15,4807
15,4808
15,4809
15,4810
15,4811
15,4812
15,4813
15,4814
15,4815
15,4816
15,4817
15,4818
15,4819
15,4820
15,4821
15,4822
15,4823
15,4824
15,4825
15,4826
15,4827
15,4828
15,4829
15,4830
15,4831
15,4832
15,4833
15,4834
15,4835
15,4836
15,4837
15,4838
15,4839
15,4840
15,4841
15,4842
15,4843
15,4844
15,4845
15,4846
15,4847
15,4848
15,4849
15,4850
15,4851
15,4852
15,4853
15,4854
15,4855
15,4856
15,4857
15,4858
15,4859
15,4860
15,4861
15,4862
15,4863
15,4864
15,4865
15,4866
15,4867
15,4868
15,4869
15,4870
15,4871
15,4872
15,4873
15,4874
15,4875
15,4876
15,4877
15,4878
15,4879
15,4880
15,4881
15,4882
15,4883
15,4884
15,4885
15,4886
15,4887
15,4888
15,4889
15,4890
15,4891
15,4892
15,4893
15,4894
15,4895
15,4896
15,4897
15,4898
15,4899
15,4900
15,4901
15,4902
15,4903
15,4904
15,4905
15,4906
15,4907
15,4908
15,4909
15,4910
15,4911
15,4912
15,4913
15,4914
15,4915
15,4916
15,4917
15,4918
15,4919
15,4920
15,4921
15,4922
15,4923
15,4924
15,4925
15,4926
15,4927
15,4928
15,4929
15,4930
15,4931
15,4932
15,4933
15,4934
15,4935
15,4936
15,4937
15,4938
15,4939
15,4940
15,4941
15,4942
15,4943
15,4944
15,4945
15,4946
15,4947
15,4948
15,4949
15,4950
15,4951
15,4952
15,4953
15,4954
15,4955
15,4956
15,4957
15,4958
15,4959
15,4960
15,4961
15,4962
15,4963
15,4964
15,4965
15,4966
15,4967
15,4968
15,4969
15,4970
15,4971
15,4972
15,4973
15,4974
15,4975
15,4976
15,4977
15,4978
15,4979
15,4980
15,4981
15,4982
15,4983
15,4984
15,4985
15,4986
15,4987
15,4988
15,4989
15,4990
15,4991
15,4992
15,4993
15,4994
15,4995
15,4996
15,4997
15,4998
15,4999
15,5000
15,5001
15,5002
15,5003
15,5004
15,5005
15,5006
15,5007
15,5008
15,5009
15,5010
15,5011
15,5012
15,5013
15,5014
15,5015
15,5016
15,5017
15,5018
15,5019
15,5020
15,5021
15,5022
15,5023
15,5024
15,5025
15,5026
15,5027
15,5028
15,5029
15,5030
15,5031
15,5032
15,5033
15,5034
15,5035
15,5036
15,5037
15,5038
15,5039
15,5040
15,5041
15,5042
15,5043
15,5044
15,5045
15,5046
15,5047
15,5048
15,5049
15,5050
15,5051
15,5052
15,5053
15,5054
15,5055
15,5056
15,5057
15,5058
15,5059
15,5060
15,5061
15,5062
15,5063
15,5064
15,5065
15,5066
18,5067
18,5068
18,5069
18,5070
18,5071
18,5072
18,5073
18,5074
18,5075
18,5076
18,5077
18,5078
18,5079
18,5080
18,5081
18,5082
18,5083
18,5084
18,5085
18,5086
18,5087
18,5088
18,5089
18,5090
18,5091
18,5092
18,5093
18,5094
18,5095
18,5096
18,5097
18,5098
18,5099
18,5100
18,5101
18,5102
18,5103
18,5104
18,5105
18,5106
18,5107
18,5108
18,5109
18,5110
18,5111
18,5112
18,5113
18,5114
18,5115
18,5116
18,5117
18,5118
18,5119
18,5120
18,5121
18,5122
18,5123
18,5124
18,5125
18,5126
18,5127
18,5128
18,5129
18,5130
18,5131
18,5132
18,5133
18,5134
18,5135
18,5136
18,5137
18,5138
18,5139
18,5140
18,5141
18,5142
18,5143
18,5144
18,5145
18,5146
18,5147
18,5148
18,5149
18,5150
18,5151
18,5152
18,5153
18,5154
18,5155
18,5156
18,5157
18,5158
18,5159
18,5160
18,5161
18,5162
18,5163
18,5164
18,5165
18,5166
18,5167
18,5168
18,5169
18,5170
18,5171
18,5172
18,5173
18,5174
18,5175
18,5176
18,5177
18,5178
18,5179
18,5180
18,5181
18,5182
18,5183
18,5184
18,5185
18,5186
18,5187
18,5188
18,5189
18,5190
18,5191
18,5192
18,5193
18,5194
18,5195
18,5196
18,5197
18,5198
18,5199
18,5200
18,5201
18,5202
18,5203
18,5204
18,5205
18,5206
18,5207
18,5208
18,5209
18,5210
18,5211
18,5212
18,5213
18,5214
18,5215
18,5216
18,5217
18,5218
18,5219
18,5220
18,5221
18,5222
18,5223
18,5224
18,5225
18,5226
18,5227
18,5228
18,5229
18,5230
18,5231
18,5232
18,5233
18,5234
18,5235
18,5236
18,5237
18,5238
18,5239
18,5240
18,5241
18,5242
18,5243
18,5244
18,5245
18,5246
18,5247
18,5248
18,5249
18,5250
18,5251
18,5252
18,5253
18,5254
18,5255
18,5256
18,5257
18,5258
18,5259
18,5260
18,5261
18,5262
18,5263
18,5264
18,5265
18,5266
18,5267
18,5268
18,5269
18,5270
18,5271
18,5272
18,5273
18,5274
18,5275
18,5276
18,5277
18,5278
18,5279
18,5280
18,5281
18,5282
18,5283
18,5284
18,5285
18,5286
18,5287
18,5288
18,5289
18,5290
18,5291
18,5292
18,5293
18,5294
18,5295
18,5296
18,5297
18,5298
18,5299
18,5300
18,5301
18,5302
18,5303
18,5304
18,5305
18,5306
18,5307
18,5308
18,5309
18,5310
18,5311
18,5312
18,5313
18,5314
18,5315
18,5316
18,5317
18,5318
18,5319
18,5320
18,5321
18,5322
18,5323
18,5324
18,5325
18,5326
18,5327
18,5328
18,5329
18,5330
18,5331
18,5332
18,5333
18,5334
18,5335
18,5336
18,5337
18,5338
18,5339
18,5340
18,5341
18,5342
18,5343
18,5344
18,5345
18,5346
18,5347
18,5348
18,5349
18,5350
18,5351
18,5352
18,5353
18,5354
18,5355
18,5356
18,5357
18,5358
18,5359
18,5360
18,5361
18,5362
18,5363
18,5364
18,5365
18,5366
18,5367
18,5368
18,5369
18,5370
18,5371
18,5372
18,5373
18,5374
18,5375
18,5376
18,5377
18,5378
18,5379
18,5380
18,5381
18,5382
18,5383
18,5384
18,5385
18,5386
18,5387
18,5388
18,5389
18,5390
18,5391
18,5392
18,5393
18,5394
18,5395
18,5396
18,5397
18,5398
18,5399
18,5400
18,5401
18,5402
18,5403
18,5404
18,5405
18,5406
18,5407
18,5408
18,5409
18,5410
18,5411
18,5412
18,5413
18,5414
18,5415
18,5416
18,5417
18,5418
18,5419
18,5420
18,5421
18,5422
18,5423
18,5424
18,5425
18,5426
18,5427
18,5428
18,5429
18,5430
18,5431
18,5432
18,5433
18,5434
18,5435
18,5436
18,5437
18,5438
18,5439
18,5440
18,5441
18,5442
18,5443
18,5444
18,5445
18,5446
18,5447
18,5448
18,5449
18,5450
18,5451
18,5452
18,5453
18,5454
18,5455
18,5456
18,5457
18,5458
18,5459
18,5460
18,5461
18,5462
18,5463
18,5464
18,5465
18,5466
18,5467
18,5468
18,5469
18,5470
18,5471
18,5472
18,5473
18,5474
18,5475
18,5476
18,5477
18,5478
18,5479
18,5480
18,5481
18,5482
18,5483
18,5484
18,5485
18,5486
18,5487
18,5488
18,5489
18,5490
18,5491
18,5492
18,5493
18,5494
18,5495
18,5496
18,5497
18,5498
18,5499
18,5500
18,5501
18,5502
18,5503
18,5504
18,5505
18,5506
18,5507
18,5508
18,5509
18,5510
18,5511
18,5512
18,5513
18,5514
18,5515
18,5516
18,5517
18,5518
18,5519
18,5520
18,5521
18,5522
18,5523
18,5524
18,5525
18,5526
18,5527
18,5528
18,5529
18,5530
18,5531
18,5532
18,5533
18,5534
18,5535
18,5536
18,5537
18,5538
18,5539
18,5540
18,5541
18,5542
18,5543
18,5544
16,5545
16,5546
16,5547
16,5548
16,5549
16,5550
16,5551
16,5552
16,5553
16,5554
16,5555
16,5556
16,5557
16,5558
16,5559
16,5560
16,5561
16,5562
16,5563
16,5564
16,5565
16,5566
16,5567
16,5568
16,5569
16,5570
16,5571
16,5572
16,5573
16,5574
16,5575
16,5576
16,5577
16,5578
16,5579
16,5580
16,5581
16,5582
16,5583
16,5584
16,5585
16,5586
16,5587
16,5588
16,5589
16,5590
16,5591
16,5592
16,5593
16,5594
16,5595
16,5596
16,5597
16,5598
16,5599
16,5600
16,5601
16,5602
16,5603
16,5604
16,5605
16,5606
16,5607
16,5608
16,5609
16,5610
16,5611
16,5612
16,5613
16,5614
16,5615
16,5616
16,5617
16,5618
16,5619
16,5620
16,5621
16,5622
16,5623
16,5624
16,5625
16,5626
16,5627
16,5628
16,5629
16,5630
16,5631
16,5632
16,5633
16,5634
16,5635
16,5636
16,5637
16,5638
16,5639
16,5640
16,5641
16,5642
16,5643
16,5644
16,5645
16,5646
16,5647
16,5648
16,5649
16,5650
16,5651
16,5652
16,5653
16,5654
16,5655
16,5656
16,5657
16,5658
16,5659
16,5660
16,5661
16,5662
16,5663
16,5664
16,5665
16,5666
16,5667
16,5668
16,5669
16,5670
16,5671
16,5672
16,5673
16,5674
16,5675
16,5676
16,5677
16,5678
16,5679
16,5680
16,5681
16,5682
16,5683
16,5684
16,5685
16,5686
16,5687
16,5688
16,5689
16,5690
16,5691
16,5692
16,5693
16,5694
16,5695
16,5696
16,5697
16,5698
16,5699
16,5700
16,5701
16,5702
16,5703
16,5704
16,5705
16,5706
16,5707
16,5708
16,5709
16,5710
16,5711
16,5712
16,5713
16,5714
16,5715
16,5716
16,5717
16,5718
16,5719
16,5720
16,5721
16,5722
16,5723
16,5724
16,5725
16,5726
16,5727
16,5728
16,5729
16,5730
16,5731
16,5732
16,5733
16,5734
16,5735
16,5736
16,5737
16,5738
16,5739
16,5740
16,5741
16,5742
16,5743
16,5744
16,5745
16,5746
16,5747
16,5748
16,5749
16,5750
16,5751
16,5752
16,5753
16,5754
16,5755
16,5756
16,5757
16,5758
16,5759
16,5760
16,5761
16,5762
16,5763
16,5764
16,5765
16,5766
16,5767
16,5768
16,5769
16,5770
16,5771
16,5772
16,5773
16,5774
16,5775
16,5776
16,5777
16,5778
16,5779
16,5780
16,5781
16,5782
16,5783
16,5784
16,5785
16,5786
16,5787
16,5788
16,5789
16,5790
16,5791
16,5792
16,5793
16,5794
16,5795
16,5796
16,5797
16,5798
16,5799
16,5800
16,5801
16,5802
16,5803
16,5804
16,5805
16,5806
16,5807
16,5808
16,5809
16,5810
16,5811
16,5812
16,5813
16,5814
16,5815
16,5816
16,5817
16,5818
16,5819
16,5820
16,5821
16,5822
16,5823
16,5824
16,5825
16,5826
16,5827
16,5828
16,5829
16,5830
16,5831
16,5832
16,5833
16,5834
16,5835
16,5836
16,5837
16,5838
16,5839
16,5840
16,5841
16,5842
16,5843
16,5844
16,5845
16,5846
16,5847
16,5848
16,5849
16,5850
16,5851
16,5852
16,5853
16,5854
16,5855
16,5856
16,5857
16,5858
16,5859
16,5860
16,5861
16,5862
16,5863
16,5864
16,5865
16,5866
16,5867
16,5868
16,5869
16,5870
16,5871
16,5872
16,5873
16,5874
16,5875
16,5876
16,5877
16,5878
16,5879
16,5880
16,5881
16,5882
16,5883
16,5884
16,5885
16,5886
16,5887
16,5888
16,5889
16,5890
16,5891
16,5892
16,5893
16,5894
16,5895
16,5896
16,5897
16,5898
16,5899
16,5900
16,5901
16,5902
16,5903
16,5904
16,5905
16,5906
16,5907
16,5908
16,5909
16,5910
16,5911
16,5912
16,5913
16,5914
16,5915
16,5916
16,5917
16,5918
16,5919
16,5920
16,5921
16,5922
16,5923
16,5924
16,5925
16,5926
16,5927
16,5928
16,5929
16,5930
16,5931
16,5932
16,5933
16,5934
16,5935
16,5936
16,5937
16,5938
16,5939
16,5940
16,5941
16,5942
16,5943
16,5944
16,5945
16,5946
16,5947
16,5948
16,5949
16,5950
16,5951
16,5952
16,5953
16,5954
16,5955
16,5956
16,5957
16,5958
16,5959
16,5960
16,5961
16,5962
16,5963
16,5964
16,5965
16,5966
16,5967
16,5968
16,5969
16,5970
16,5971
16,5972
16,5973
16,5974
16,5975
16,5976
16,5977
16,5978
16,5979
16,5980
16,5981
16,5982
16,5983
16,5984
16,5985
16,5986
16,5987
16,5988
16,5989
16,5990
16,5991
16,5992
16,5993
16,5994
16,5995
16,5996
19,5997
19,5998
19,5999
19,6000
19,6001
19,6002
19,6003
19,6004
19,6005
19,6006
19,6007
19,6008
19,6009
19,6010
19,6011
19,6012
19,6013
19,6014
19,6015
19,6016
19,6017
19,6018
19,6019
19,6020
19,6021
19,6022
19,6023
19,6024
19,6025
19,6026
19,6027
19,6028
19,6029
19,6030
19,6031
19,6032
19,6033
19,6034
19,6035
19,6036
19,6037
19,6038
19,6039
19,6040
19,6041
19,6042
19,6043
19,6044
19,6045
19,6046
19,6047
19,6048
19,6049
19,6050
19,6051
19,6052
19,6053
19,6054
19,6055
19,6056
19,6057
19,6058
19,6059
19,6060
19,6061
19,6062
19,6063
19,6064
19,6065
19,6066
19,6067
19,6068
19,6069
19,6070
19,6071
19,6072
19,6073
19,6074
19,6075
19,6076
19,6077
19,6078
19,6079
19,6080
19,6081
19,6082
19,6083
19,6084
19,6085
19,6086
19,6087
19,6088
19,6089
19,6090
19,6091
19,6092
19,6093
19,6094
19,6095
19,6096
19,6097
19,6098
19,6099
19,6100
19,6101
19,6102
19,6103
19,6104
19,6105
19,6106
19,6107
19,6108
19,6109
19,6110
19,6111
19,6112
19,6113
19,6114
19,6115
19,6116
19,6117
19,6118
19,6119
19,6120
19,6121
19,6122
19,6123
19,6124
19,6125
19,6126
19,6127
19,6128
19,6129
19,6130
19,6131
19,6132
19,6133
21,6134
21,6135
21,6136
21,6137
21,6138
21,6139
21,6140
21,6141
21,6142
21,6143
21,6144
21,6145
21,6146
21,6147
21,6148
21,6149
21,6150
21,6151
21,6152
21,6153
21,6154
21,6155
21,6156
21,6157
21,6158
21,6159
21,6160
21,6161
21,6162
21,6163
21,6164
21,6165
21,6166
21,6167
21,6168
21,6169
21,6170
21,6171
21,6172
21,6173
21,6174
21,6175
21,6176
21,6177
21,6178
21,6179
21,6180
21,6181
21,6182
21,6183
21,6184
21,6185
21,6186
21,6187
21,6188
21,6189
21,6190
21,6191
21,6192
21,6193
21,6194
21,6195
21,6196
21,6197
21,6198
21,6199
21,6200
21,6201
21,6202
21,6203
21,6204
21,6205
21,6206
21,6207
21,6208
21,6209
21,6210
21,6211
21,6212
21,6213
21,6214
21,6215
21,6216
21,6217
21,6218
21,6219
21,6220
21,6221
21,6222
21,6223
21,6224
21,6225
21,6226
21,6227
21,6228
21,6229
21,6230
21,6231
21,6232
21,6233
21,6234
21,6235
21,6236
21,6237
21,6238
21,6239
21,6240
21,6241
21,6242
21,6243
21,6244
21,6245
21,6246
21,6247
21,6248
21,6249
21,6250
21,6251
21,6252
21,6253
21,6254
21,6255
21,6256
21,6257
20,6258
20,6259
20,6260
20,6261
20,6262
20,6263
20,6264
20,6265
20,6266
20,6267
20,6268
20,6269
20,6270
20,6271
20,6272
20,6273
20,6274
20,6275
20,6276
20,6277
20,6278
20,6279
20,6280
20,6281
20,6282
20,6283
20,6284
20,6285
20,6286
20,6287
20,6288
20,6289
20,6290
20,6291
20,6292
20,6293
20,6294
20,6295
20,6296
20,6297
20,6298
20,6299
20,6300
20,6301
20,6302
20,6303
20,6304
20,6305
20,6306
20,6307
20,6308
20,6309
20,6310
20,6311
20,6312
20,6313
20,6314
20,6315
20,6316
20,6317
20,6318
20,6319
20,6320
20,6321
20,6322
20,6323
20,6324
20,6325
20,6326
20,6327
20,6328
20,6329
20,6330
20,6331
20,6332
20,6333
20,6334
20,6335
20,6336
20,6337
20,6338
20,6339
20,6340
20,6341
20,6342
20,6343
20,6344
20,6345
20,6346
20,6347
20,6348
20,6349
20,6350
20,6351
20,6352
20,6353
20,6354
20,6355
20,6356
20,6357
20,6358
20,6359
20,6360
20,6361
20,6362
20,6363
