model,week,split_type,seed,fold,auroc,auprc,f1,precision,recall,balanced_acc,threshold
LightGBM_matched,2,random,42,-1,0.738623718685064,0.7810884571400507,0.7027221489387216,0.5966198330278966,0.8547257876312718,0.6061890935562325,0.35000000000000003
LightGBM_matched,2,random,123,-1,0.7425487847292971,0.7836505819833738,0.7085958595859586,0.5794994479205006,0.911696583671106,0.5818712050925088,0.3
LightGBM_matched,2,random,7,-1,0.7406039623295603,0.7815187099233796,0.7113899613899614,0.6075845012366035,0.8579743888242142,0.6194943465577508,0.35000000000000003
LightGBM_matched,2,random,17,-1,0.7419163453401525,0.7840728787399643,0.713088768115942,0.5876096286620638,0.9067088972070256,0.5909405424047591,0.3
LightGBM_matched,2,random,99,-1,0.740394125536296,0.7813683793706199,0.719960765080922,0.6264134841049712,0.8463534159700202,0.632891562096416,0.35000000000000003
LightGBM_matched,2,lcpo,-1,0,0.6780746831106543,0.5062990815726756,0.4863013698630137,0.37967914438502676,0.6761904761904762,0.6294621445700583,0.35000000000000003
LightGBM_matched,2,lcpo,-1,1,0.6542560700169395,0.5197450196564131,0.4986301369863014,0.35968379446640314,0.8125,0.5860918972332015,0.3
LightGBM_matched,2,lcpo,-1,2,0.7563338724596044,0.8007164790734727,0.7218225419664268,0.5871261378413524,0.9367219917012448,0.5729687168966996,0.35000000000000003
LightGBM_matched,2,lcpo,-1,3,0.7653169239638715,0.7920454049603289,0.7014276846679082,0.5493437044239183,0.9699570815450643,0.5526091377874576,0.35000000000000003
LightGBM_matched,2,lcpo,-1,4,0.7656367893038897,0.8211296817808225,0.7191011235955056,0.5695451549110085,0.9751693002257337,0.5384787353948476,0.3
LightGBM_matched,2,lcpo,-1,5,0.7489202607212475,0.7734701535748401,0.6816918802099413,0.5259647451167222,0.968421052631579,0.5523528874269006,0.35000000000000003
LightGBM_matched,2,lcpo,-1,6,0.7632793403783654,0.8696811594391876,0.7928388746803069,0.7411202185792349,0.852317360565593,0.6403366591666577,0.35000000000000003
LightGBM_matched,2,lcpo,-1,7,0.7161060159641786,0.7940381712046156,0.7359746434231379,0.694377990430622,0.7828725556304788,0.6397121398842049,0.4
LightGBM_matched,2,lcpo,-1,8,0.7240400069233242,0.8102726041767369,0.746096009253904,0.6891025641025641,0.8133669609079445,0.6213893628069134,0.35000000000000003
LightGBM_matched,2,lcpo,-1,9,0.7339347655599923,0.7942595114805322,0.7385159010600707,0.6072051133062173,0.9422903516681695,0.5634250310813707,0.3
LightGBM_matched,2,lcpo,-1,10,0.7280451875987747,0.8207071245914092,0.7521968365553603,0.6701461377870563,0.8571428571428571,0.5987175663584849,0.35000000000000003
LightGBM_matched,2,lcpo,-1,11,0.7707783822398067,0.8234515794350594,0.7452099470036689,0.6338418862690708,0.904055390702275,0.6186943620178041,0.35000000000000003
LightGBM_matched,2,lcpo,-1,12,0.7482124787332229,0.7238252322455722,0.607275426874536,0.4524336283185841,0.9232505643340858,0.5552213412803434,0.25
LightGBM_matched,2,lcpo,-1,13,0.7356598425720436,0.7637643659869409,0.6620530565167243,0.5415094339622641,0.8516320474777448,0.5854798892850909,0.3
LightGBM_matched,2,lcpo,-1,14,0.7839172584238374,0.7457573265977414,0.6627565982404692,0.5255813953488372,0.8968253968253969,0.6501670843776107,0.35000000000000003
LightGBM_matched,2,lcpo,-1,15,0.7111841862581152,0.7498048952452686,0.673277661795407,0.5950184501845018,0.7752403846153846,0.6069296552232933,0.3
LightGBM_matched,2,lcpo,-1,16,0.7531294681979614,0.7930745670717152,0.6978297161936561,0.6920529801324503,0.7037037037037037,0.6819888381532218,0.4
LightGBM_matched,2,lcpo,-1,17,0.7426150042292927,0.8025094232286063,0.7196885428253615,0.6796218487394958,0.764775413711584,0.6492072787212354,0.35000000000000003
LightGBM_matched,2,lcpo,-1,18,0.7893747274062851,0.825842781124538,0.738867117919487,0.6651699807568955,0.8309294871794872,0.6818031500355807,0.35000000000000003
LightGBM_matched,2,lcpo,-1,19,0.6153505067567567,0.49625840840630053,0.5359223300970873,0.41194029850746267,0.7666666666666667,0.5505630630630631,0.4
LightGBM_matched,2,lcpo,-1,20,0.6384377394071542,0.5658037080815901,0.6107178968655207,0.47634069400630913,0.8507042253521127,0.5780717779480229,0.35000000000000003
LightGBM_matched,2,lcpo,-1,21,0.6788251366120219,0.5979614864613692,0.5994897959183674,0.4906054279749478,0.7704918032786885,0.6104711268645695,0.4
LightGBM_matched,4,random,42,-1,0.8038296522723524,0.8481340706071075,0.7390006489292668,0.6656534954407295,0.8305134189031506,0.683414945508644,0.35000000000000003
LightGBM_matched,4,random,123,-1,0.8104178177155545,0.8548935767490657,0.7435784529575811,0.7540934802024412,0.73335263462652,0.7314881012739801,0.45
LightGBM_matched,4,random,7,-1,0.805268992659381,0.8460588742258247,0.7361963190184049,0.7066381156316917,0.7683352735739232,0.7060141907531514,0.4
LightGBM_matched,4,random,17,-1,0.8083849670281269,0.8518624520310129,0.741931053426727,0.709296218487395,0.7777137921105672,0.7073219665702065,0.4
LightGBM_matched,4,random,99,-1,0.8139083626634694,0.8578108358928913,0.7508241758241758,0.7171346103384938,0.7878351109829922,0.7152040276400372,0.4
LightGBM_matched,4,lcpo,-1,0,0.733025008564577,0.6004964335222566,0.5,0.4,0.6666666666666666,0.644484412470024,0.4
LightGBM_matched,4,lcpo,-1,1,0.7245906267645398,0.6400060548723199,0.5253164556962026,0.4068627450980392,0.7410714285714286,0.6314052795031055,0.35000000000000003
LightGBM_matched,4,lcpo,-1,2,0.8148191687809717,0.8669152768422476,0.7353648757016841,0.5993464052287582,0.9512448132780082,0.5939287578220677,0.3
LightGBM_matched,4,lcpo,-1,3,0.8210048203190059,0.8616349133388369,0.7197892657227527,0.5838675213675214,0.9381974248927039,0.6057591602075459,0.35000000000000003
LightGBM_matched,4,lcpo,-1,4,0.8106282660738182,0.8741539371317206,0.7359781121751026,0.6174445294567712,0.9108352144469526,0.6115386526154983,0.35000000000000003
LightGBM_matched,4,lcpo,-1,5,0.7317289534600391,0.7822099187834004,0.6849415204678363,0.5870927318295739,0.8219298245614035,0.6249406067251462,0.4
LightGBM_matched,4,lcpo,-1,6,0.8447634416628457,0.9161356030610099,0.8390677025527192,0.793006993006993,0.8908091123330715,0.7221768035270184,0.4
LightGBM_matched,4,lcpo,-1,7,0.8201764496809489,0.8783327006799344,0.7919767065674539,0.7611940298507462,0.825354012137559,0.7235144444924249,0.35000000000000003
LightGBM_matched,4,lcpo,-1,8,0.8578616818732537,0.9111533667071143,0.8258064516129032,0.7719298245614035,0.8877679697351829,0.7399624162401405,0.35000000000000003
LightGBM_matched,4,lcpo,-1,9,0.8452251074387537,0.8891356270198649,0.7918739635157546,0.7329240214888718,0.8611361587015329,0.7206766438863514,0.35000000000000003
LightGBM_matched,4,lcpo,-1,10,0.8398490959414222,0.8970591656287857,0.803560076287349,0.7669902912621359,0.8437917222963952,0.7214783246137508,0.35000000000000003
LightGBM_matched,4,lcpo,-1,11,0.8325340447002169,0.8836797029379293,0.7646326276463262,0.6587982832618026,0.9109792284866469,0.6543532506069598,0.3
LightGBM_matched,4,lcpo,-1,12,0.7875101468936605,0.7747374935513026,0.6666666666666666,0.5790349417637272,0.7855530474040632,0.6850589539154963,0.35000000000000003
LightGBM_matched,4,lcpo,-1,13,0.7741814826820936,0.8071745926700457,0.6785714285714286,0.6805970149253732,0.6765578635014837,0.6884189877731508,0.4
LightGBM_matched,4,lcpo,-1,14,0.800576383087348,0.7812918201638206,0.6636568848758465,0.5345454545454545,0.875,0.6567982456140351,0.35000000000000003
LightGBM_matched,4,lcpo,-1,15,0.765602713702538,0.8099619573806625,0.647945205479452,0.7531847133757962,0.5685096153846154,0.6851499483572694,0.4
LightGBM_matched,4,lcpo,-1,16,0.7895538336177605,0.8372917215774032,0.7166871668716687,0.6986410871302957,0.7356902356902357,0.6956989991236566,0.35000000000000003
LightGBM_matched,4,lcpo,-1,17,0.7951016114689743,0.8591327875533317,0.7217847769028871,0.8112094395280236,0.6501182033096927,0.727199774437721,0.4
LightGBM_matched,4,lcpo,-1,18,0.8295794309390996,0.8664181726499429,0.756633813495072,0.7179856115107913,0.7996794871794872,0.7243697346371921,0.35000000000000003
LightGBM_matched,4,lcpo,-1,19,0.6154607732732732,0.49137148460943253,0.5490909090909091,0.4081081081081081,0.8388888888888889,0.549512012012012,0.35000000000000003
LightGBM_matched,4,lcpo,-1,20,0.6509311096705759,0.5681603400885262,0.6096807415036045,0.4805194805194805,0.8338028169014085,0.5821733749779009,0.35000000000000003
LightGBM_matched,4,lcpo,-1,21,0.6460050214148574,0.5846915339437391,0.559254327563249,0.47085201793721976,0.6885245901639344,0.5784965293162014,0.4
LightGBM_matched,6,random,42,-1,0.8214044104627036,0.8641825991538359,0.7514644351464436,0.7199358631747729,0.7858809801633606,0.7230312812619657,0.4
LightGBM_matched,6,random,123,-1,0.8283108272673254,0.8704834140878809,0.7547445255474453,0.7611896348645465,0.7484076433121019,0.741470597433465,0.45
LightGBM_matched,6,random,7,-1,0.8287948040407466,0.8667025729920144,0.756487318574989,0.7621861152141802,0.7508731082654249,0.7445847986060544,0.45
LightGBM_matched,6,random,17,-1,0.8246167761668352,0.868853240409352,0.752800208387601,0.6872770511296076,0.8321336020731356,0.7004223274386668,0.35000000000000003
LightGBM_matched,6,random,99,-1,0.8282431242081245,0.8702593798010796,0.7596757322175732,0.695142378559464,0.8374171230902278,0.7075016649933897,0.35000000000000003
LightGBM_matched,6,lcpo,-1,0,0.739568345323741,0.6145786933917645,0.5034013605442177,0.3915343915343915,0.7047619047619048,0.6455464200068517,0.4
LightGBM_matched,6,lcpo,-1,1,0.725684641445511,0.6477662892102674,0.509090909090909,0.3853211009174312,0.75,0.6101778656126482,0.35000000000000003
LightGBM_matched,6,lcpo,-1,2,0.8270980710303169,0.877140035803289,0.7524416135881105,0.6369518332135155,0.9190871369294605,0.645097740320272,0.35000000000000003
LightGBM_matched,6,lcpo,-1,3,0.8315915059893665,0.8718420099471329,0.7138700290979632,0.5726141078838174,0.9476394849785408,0.5894913842803151,0.35000000000000003
LightGBM_matched,6,lcpo,-1,4,0.82607487401455,0.882279280476577,0.7508120649651973,0.6375098502758078,0.9130925507900677,0.6401776371556941,0.4
LightGBM_matched,6,lcpo,-1,5,0.7459224232456141,0.7922067665296297,0.6895059502344032,0.5854255970606246,0.8385964912280702,0.6254614400584796,0.45
LightGBM_matched,6,lcpo,-1,6,0.8874240372322716,0.9435907164869772,0.8543396226415094,0.8220769789397241,0.8892380204241949,0.7598527960341186,0.4
LightGBM_matched,6,lcpo,-1,7,0.8607339668957545,0.9073242335463304,0.8092016238159675,0.811948404616429,0.8064733648010789,0.7667834804300961,0.35000000000000003
LightGBM_matched,6,lcpo,-1,8,0.8646341764953144,0.9165192062962391,0.8241895261845387,0.815043156596794,0.8335435056746532,0.7697129293079148,0.35000000000000003
LightGBM_matched,6,lcpo,-1,9,0.8498538658916357,0.8978350914597001,0.7944372012168622,0.7667785234899329,0.824165915238954,0.7444110637714674,0.4
LightGBM_matched,6,lcpo,-1,10,0.8524852900596759,0.910628391768669,0.8077645585472761,0.7606132075471698,0.8611481975967957,0.7186743075666651,0.35000000000000003
LightGBM_matched,6,lcpo,-1,11,0.8531869136468544,0.9015221555851176,0.7894201424211598,0.812565445026178,0.7675568743818002,0.7707733866858496,0.4
LightGBM_matched,6,lcpo,-1,12,0.8406854296166977,0.8337436230610613,0.7322033898305085,0.7330316742081447,0.7313769751693002,0.7688083562217601,0.4
LightGBM_matched,6,lcpo,-1,13,0.8402405472574787,0.8693585138749649,0.7313195548489666,0.7876712328767124,0.6824925816023739,0.7544115569076295,0.4
LightGBM_matched,6,lcpo,-1,14,0.857856446672236,0.8513566734870411,0.7393458870168483,0.7386138613861386,0.7400793650793651,0.773548454469507,0.4
LightGBM_matched,6,lcpo,-1,15,0.7876515468227425,0.8310317652570111,0.6852960745176314,0.767511177347243,0.6189903846153846,0.7097509467833956,0.4
LightGBM_matched,6,lcpo,-1,16,0.8088064818658427,0.8506929483738033,0.727912087912088,0.7617295308187673,0.696969696969697,0.7302200083022001,0.4
LightGBM_matched,6,lcpo,-1,17,0.8139770895236442,0.8730722472349239,0.7476038338658147,0.8136300417246175,0.6914893617021277,0.7432981976706357,0.4
LightGBM_matched,6,lcpo,-1,18,0.8524331858457865,0.8867461968735915,0.7813323296951449,0.7366926898509581,0.8317307692307693,0.7497955547138627,0.35000000000000003
LightGBM_matched,6,lcpo,-1,19,0.599974192942943,0.4826083952011275,0.5358948432760364,0.42130365659777425,0.7361111111111112,0.5606231231231231,0.4
LightGBM_matched,6,lcpo,-1,20,0.6395102834580706,0.5560891171352643,0.593952483801296,0.4816112084063047,0.7746478873239436,0.5777005126996287,0.35000000000000003
LightGBM_matched,6,lcpo,-1,21,0.6653042386648943,0.6041773502030197,0.5853658536585366,0.49884526558891457,0.7081967213114754,0.6097289912863684,0.4
LightGBM_matched,8,random,42,-1,0.8558080853942585,0.8895703090044951,0.7803655660377359,0.7887365911799762,0.7721703617269545,0.771137061537926,0.45
LightGBM_matched,8,random,123,-1,0.8593861146307278,0.893742985395569,0.7851591142396246,0.7955423476968796,0.77504342790967,0.7749194226291394,0.45
LightGBM_matched,8,random,7,-1,0.8520845507144577,0.8857260502951443,0.7771505376344086,0.722027972027972,0.8413853317811408,0.7397758908580607,0.35000000000000003
LightGBM_matched,8,random,17,-1,0.8554169507224216,0.8912462027409794,0.7809067868206139,0.7641223477542023,0.7984451482867838,0.7588486810636936,0.4
LightGBM_matched,8,random,99,-1,0.8599941753905183,0.8935902012509689,0.7867924528301887,0.738800303720577,0.8414528682617469,0.7496389009743748,0.35000000000000003
LightGBM_matched,8,lcpo,-1,0,0.7981500513874614,0.6546745351545558,0.5605095541401274,0.42105263157894735,0.8380952380952381,0.7014217197670436,0.45
LightGBM_matched,8,lcpo,-1,1,0.7734683794466403,0.671430554193128,0.5231607629427792,0.3764705882352941,0.8571428571428571,0.6143421795595708,0.35000000000000003
LightGBM_matched,8,lcpo,-1,2,0.8696182107553108,0.9060126012247424,0.7958446251129178,0.7048,0.9139004149377593,0.7271868201712458,0.4
LightGBM_matched,8,lcpo,-1,3,0.872268752802511,0.9048938960966973,0.7889245585874799,0.7407686510926903,0.8437768240343347,0.7614406508231375,0.35000000000000003
LightGBM_matched,8,lcpo,-1,4,0.8613647725120397,0.9092033368877487,0.7875069715560513,0.7783902976846747,0.7968397291196389,0.7601805248074123,0.35000000000000003
LightGBM_matched,8,lcpo,-1,5,0.8013039869639377,0.8379571532844221,0.6998384491114701,0.5539641943734015,0.95,0.5965277777777778,0.35000000000000003
LightGBM_matched,8,lcpo,-1,6,0.8875768810152618,0.9443348814803033,0.8560885608856088,0.8072372999304106,0.9112333071484682,0.7467177093811723,0.4
LightGBM_matched,8,lcpo,-1,7,0.8622430235609486,0.9087467328234082,0.8126721763085399,0.8304011259676284,0.7956844234659474,0.7791229999103135,0.4
LightGBM_matched,8,lcpo,-1,8,0.8771283040328364,0.9253592068157843,0.8288288288288288,0.8462549277266754,0.8121059268600253,0.7913470810770715,0.35000000000000003
LightGBM_matched,8,lcpo,-1,9,0.8894444075830931,0.922887199922704,0.828988068935042,0.8128249566724437,0.8458070333633905,0.7926260739796446,0.4
LightGBM_matched,8,lcpo,-1,10,0.8854910235219681,0.9287292875055126,0.8416988416988417,0.8124223602484472,0.8731642189586115,0.7789620677256524,0.35000000000000003
LightGBM_matched,8,lcpo,-1,11,0.8715056100070937,0.9133033181068965,0.804185351270553,0.8102409638554217,0.798219584569733,0.7797916104666847,0.4
LightGBM_matched,8,lcpo,-1,12,0.8385207589691126,0.8410718791242655,0.7147401908801697,0.674,0.7607223476297968,0.7465352296441267,0.45
LightGBM_matched,8,lcpo,-1,13,0.8412753825565834,0.8701188180523154,0.7582089552238805,0.7627627627627628,0.7537091988130564,0.7662103417034469,0.4
LightGBM_matched,8,lcpo,-1,14,0.8581987375847024,0.8559099158274781,0.7308684436801376,0.644916540212443,0.8432539682539683,0.7505743525480368,0.35000000000000003
LightGBM_matched,8,lcpo,-1,15,0.8345572865433799,0.868182838640789,0.7461928934010152,0.7903225806451613,0.7067307692307693,0.753621139091088,0.35000000000000003
LightGBM_matched,8,lcpo,-1,16,0.8516573651276849,0.8866006769578973,0.7786324786324786,0.7907986111111112,0.7668350168350169,0.7733718463170518,0.4
LightGBM_matched,8,lcpo,-1,17,0.8603032077558721,0.9046944737257013,0.7798579728857328,0.8591749644381224,0.7139479905437353,0.7812859218773722,0.45
LightGBM_matched,8,lcpo,-1,18,0.8963326102426371,0.9242578813124069,0.820730671197961,0.8734177215189873,0.7740384615384616,0.8243513704290338,0.45
LightGBM_matched,8,lcpo,-1,19,0.6292886636636638,0.5036149188326337,0.5393518518518519,0.4623015873015873,0.6472222222222223,0.594725975975976,0.45
LightGBM_matched,8,lcpo,-1,20,0.6478048205551299,0.5718817011627337,0.6062567421790723,0.49125874125874125,0.7915492957746478,0.5913813424479933,0.35000000000000003
LightGBM_matched,8,lcpo,-1,21,0.6638642741101757,0.6082808725887172,0.5791411042944785,0.4627450980392157,0.7737704918032787,0.5783266873430808,0.35000000000000003
