Week,Model,Features,Fold,N_train,N_test,N_features,AUROC,AUPRC,F1,Precision,Recall,Balanced_Acc
2,Majority,All_features,0,26026,6567,44,0.5,0.5306837216384955,0.6933943493832073,0.5306837216384955,1.0,0.5
2,Majority,All_features,1,26064,6529,44,0.5,0.5265737478940113,0.6898765927560951,0.5265737478940113,1.0,0.5
2,Majority,All_features,2,26072,6521,44,0.5,0.524612789449471,0.688191510762422,0.524612789449471,1.0,0.5
2,Majority,All_features,3,26099,6494,44,0.5,0.5275639051432092,0.6907258064516129,0.5275639051432092,1.0,0.5
2,Majority,All_features,4,26111,6482,44,0.5,0.5303918543659364,0.6931451612903226,0.5303918543659364,1.0,0.5
2,LogisticRegression,VLE_only,0,26026,6567,3,0.7167757525763983,0.749234271456265,0.6901877246704833,0.6438152011922503,0.7437589670014347,0.639238341385208
2,LogisticRegression,VLE_only,1,26064,6529,3,0.7154769076617001,0.752978134442501,0.6891184757815645,0.639601494396015,0.7469458987783595,0.6394063042905062
2,LogisticRegression,VLE_only,2,26072,6521,3,0.7138667716476035,0.7537303846577028,0.6826298701298701,0.6353563334172753,0.7375036539023677,0.6352034398544097
2,LogisticRegression,VLE_only,3,26099,6494,3,0.7094827993006925,0.74612169872051,0.6830047948854555,0.6281234688878001,0.7483946293053123,0.626804876582252
2,LogisticRegression,VLE_only,4,26111,6482,3,0.7081089722273821,0.7439556655697441,0.6840329329194224,0.6381264165197683,0.7370564281559046,0.6324901063249957
2,LogisticRegression,Assessment_only,0,26026,6567,3,0.5109183512913879,0.5365192923943614,0.6936006480356419,0.5359098732592709,0.9827833572453372,0.5102106273572565
2,LogisticRegression,Assessment_only,1,26064,6529,3,0.5111661414879167,0.5328974937087497,0.6901350798198935,0.5323650142090306,0.9808027923211169,0.5112684294831078
2,LogisticRegression,Assessment_only,2,26072,6521,3,0.5149866102158396,0.5323766589428702,0.6901928600738613,0.5316895843211633,0.983338205203157,0.5137658767951269
2,LogisticRegression,Assessment_only,3,26099,6494,3,0.5157263346249367,0.5361352544904369,0.6919509430073173,0.5348096224310976,0.9798598949211909,0.5140498953093569
2,LogisticRegression,Assessment_only,4,26111,6482,3,0.5092485412705948,0.535676319052031,0.6914543960558751,0.5344553826611623,0.9790575916230366,0.5079256420664461
2,LogisticRegression,VLE+Assessment,0,26026,6567,6,0.7213278470724166,0.753016736127498,0.6931139710760249,0.6446199407699901,0.7494978479196557,0.6411343879442535
2,LogisticRegression,VLE+Assessment,1,26064,6529,6,0.7193547236633819,0.7553829826393108,0.6920600858369099,0.6421105027376804,0.7504363001745201,0.6426073445227178
2,LogisticRegression,VLE+Assessment,2,26072,6521,6,0.7186829921452886,0.7573342393166607,0.6861471861471862,0.6386300679929489,0.7413037123648056,0.639200243279177
2,LogisticRegression,VLE+Assessment,3,26099,6494,6,0.7155476070329584,0.7513393040107895,0.686865990389749,0.6328086571569109,0.7510215995329831,0.6321926772110809
2,LogisticRegression,VLE+Assessment,4,26111,6482,6,0.711486524191631,0.7478364591417347,0.6863299663299663,0.6390770002508152,0.7411285631180919,0.6341976586943943
2,LogisticRegression,All_features,0,26026,6567,44,0.7612930916498537,0.7886083009859961,0.7202216066481995,0.6961178045515395,0.7460545193687231,0.6888935802554192
2,LogisticRegression,All_features,1,26064,6529,44,0.7535321352746034,0.783822589159549,0.7090499013250634,0.687910284463895,0.7315299592786504,0.6811968787011176
2,LogisticRegression,All_features,2,26072,6521,44,0.7556699135321685,0.7843308350061171,0.7092298980747452,0.6876200933296733,0.7322420344928383,0.682572630149645
2,LogisticRegression,All_features,3,26099,6494,44,0.7493118616667847,0.7748406042623961,0.705586592178771,0.676486341724692,0.7373029772329247,0.6717805629319773
2,LogisticRegression,All_features,4,26111,6482,44,0.7461164888977563,0.7796742944530316,0.7041294167730949,0.6874480465502909,0.7216404886561955,0.6755377213320399
2,RandomForest,VLE_only,0,26026,6567,3,0.6801131576227775,0.7122131370436756,0.6410066617320503,0.6620795107033639,0.6212338593974175,0.631350219770091
2,RandomForest,VLE_only,1,26064,6529,3,0.6878867206092337,0.7211588482848903,0.6383813981579345,0.6637362637362637,0.6148923792902851,0.6342012850835119
2,RandomForest,VLE_only,2,26072,6521,3,0.6866581173209116,0.7203976289945793,0.6418798334324807,0.6533454435361792,0.6308097047646887,0.6307274330275057
2,RandomForest,VLE_only,3,26099,6494,3,0.680957262927639,0.7155740971955802,0.6367175801138065,0.6537515375153752,0.6205487448920023,0.6267672016506948
2,RandomForest,VLE_only,4,26111,6482,3,0.6810512426241764,0.715213814780583,0.641191514969159,0.664069803677158,0.6198371146015125,0.6328489120970768
2,RandomForest,Assessment_only,0,26026,6567,3,0.5095643515315941,0.5362738823211389,0.6934734289755506,0.5351629502572899,0.9847919655667144,0.5087814467677829
2,RandomForest,Assessment_only,1,26064,6529,3,0.5121459230941073,0.5330131664174773,0.6902763561924258,0.5325331648768161,0.9808027923211169,0.5115919493795814
2,RandomForest,Assessment_only,2,26072,6521,3,0.5101291359817446,0.5309022809703235,0.6890050210062506,0.5304512464499842,0.9827535808243204,0.5113767904121602
2,RandomForest,Assessment_only,3,26099,6494,3,0.5166487996157918,0.5372492282801963,0.6918652423993427,0.533755942947702,0.9830706363105662,0.5120698683508502
2,RandomForest,Assessment_only,4,26111,6482,3,0.5083337537715216,0.5353431032564299,0.6919761953621999,0.534559289790742,0.9808027923211169,0.5081412121920958
2,RandomForest,VLE+Assessment,0,26026,6567,6,0.6853351761558995,0.7162748996510931,0.6476868327402135,0.6701442160171832,0.6266857962697274,0.6389431577065704
2,RandomForest,VLE+Assessment,1,26064,6529,6,0.6907110267211626,0.7225886028258811,0.6382595648912228,0.6591261233343663,0.618673647469459,0.6314008806742313
2,RandomForest,VLE+Assessment,2,26072,6521,6,0.6906370048372953,0.7264050142608502,0.6453055141579732,0.6582547886895713,0.6328558900906168,0.6351376224646632
2,RandomForest,VLE+Assessment,3,26099,6494,6,0.6842777468259822,0.7169953002326923,0.6383553421368547,0.6568869672637431,0.6208406304728546,0.629357733750117
2,RandomForest,VLE+Assessment,4,26111,6482,6,0.6847366700072393,0.7186894954867385,0.6431137724550898,0.662553979025293,0.62478184991274,0.6326931588591296
2,RandomForest,All_features,0,26026,6567,44,0.7468675430160036,0.778364408164216,0.6842105263157895,0.7057029582189692,0.6639885222381635,0.6754400755253115
2,RandomForest,All_features,1,26064,6529,44,0.7518521937528476,0.7830111223011801,0.6864988558352403,0.7218479307025987,0.6544502617801047,0.6869792557687324
2,RandomForest,All_features,2,26072,6521,44,0.749250926441052,0.7863915810224362,0.6818800060450355,0.7058823529411765,0.659456299327682,0.6781152464380346
2,RandomForest,All_features,3,26099,6494,44,0.7429345708216407,0.7802398038921231,0.6840371368673256,0.7023370233702337,0.6666666666666666,0.6755758365927858
2,RandomForest,All_features,4,26111,6482,44,0.7408812690200504,0.7777620615217105,0.6839891859417242,0.7071428571428572,0.662303664921466,0.6762569572964754
2,XGBoost,VLE_only,0,26026,6567,3,0.7097350562389847,0.7434662512369795,0.6549013792080677,0.6777163904235728,0.6335724533715925,0.64644229417444
2,XGBoost,VLE_only,1,26064,6529,3,0.717044115956005,0.7535499413323021,0.6590499098015634,0.6820161792159303,0.6375799883653287,0.6534713270846378
2,XGBoost,VLE_only,2,26072,6521,3,0.7068340232529633,0.749373409528021,0.6530251729721772,0.6577698695136418,0.6483484361297867,0.6380451858068288
2,XGBoost,VLE_only,3,26099,6494,3,0.7050611323333874,0.7421274679763283,0.6545237384293819,0.6699266503667481,0.6398131932282545,0.6438961663664089
2,XGBoost,VLE_only,4,26111,6482,3,0.7028750423304813,0.7405616896547663,0.644277108433735,0.6680199875078077,0.6221640488656196,0.636476242566844
2,XGBoost,Assessment_only,0,26026,6567,3,0.5102474031191432,0.5366035122585189,0.6939642098877767,0.535747736497034,0.9847919655667144,0.5099170729845253
2,XGBoost,Assessment_only,1,26064,6529,3,0.5121475228143634,0.5329995246732464,0.6902763561924258,0.5325331648768161,0.9808027923211169,0.5115919493795814
2,XGBoost,Assessment_only,2,26072,6521,3,0.5101255999471952,0.5309284898215252,0.6890050210062506,0.5304512464499842,0.9827535808243204,0.5113767904121602
2,XGBoost,Assessment_only,3,26099,6494,3,0.5166642596571503,0.5372873685462027,0.6925453047775947,0.5349984091632198,0.9816112084063048,0.5144366341901145
2,XGBoost,Assessment_only,4,26111,6482,3,0.5082027012771383,0.5351862364425483,0.6926389173672339,0.5348321722609246,0.9825479930191972,0.5086852974294409
2,XGBoost,VLE+Assessment,0,26026,6567,6,0.7152413653769703,0.7496485735920972,0.6624577888709441,0.6782922429344558,0.6473457675753228,0.6500843049427555
2,XGBoost,VLE+Assessment,1,26064,6529,6,0.7202593184175416,0.753732612992142,0.6609860012172855,0.6930440331844289,0.631762652705061,0.660268256148713
2,XGBoost,VLE+Assessment,2,26072,6521,6,0.7126195886884612,0.7528705570049629,0.655693950177936,0.665362624134818,0.6463022508038585,0.6437962866922518
2,XGBoost,VLE+Assessment,3,26099,6494,6,0.7080939167543846,0.746952842274047,0.6557037037037037,0.6657641395908543,0.645942790426153,0.6419088137267661
2,XGBoost,VLE+Assessment,4,26111,6482,6,0.7085133573212431,0.7452268322689561,0.653507440024294,0.6836086404066074,0.6259453170447935,0.649372132898218
2,XGBoost,All_features,0,26026,6567,44,0.757349333427678,0.7917899380866711,0.7001459854014599,0.712630014858841,0.6880918220946916,0.6871672608202206
2,XGBoost,All_features,1,26064,6529,44,0.7610831912875848,0.7968686244588777,0.6967606478704259,0.7191950464396285,0.6756835369400814,0.6911254954192481
2,XGBoost,All_features,2,26072,6521,44,0.7567482154812307,0.7961489158092205,0.6936503159795365,0.7147286821705426,0.6737795966091786,0.6885027015303957
2,XGBoost,All_features,3,26099,6494,44,0.7518488306690687,0.7917960342463182,0.690709409320273,0.7025966183574879,0.6792177466433158,0.6790808420309147
2,XGBoost,All_features,4,26111,6482,44,0.7522106448833819,0.7902847420243972,0.6890756302521008,0.7117172969621822,0.6678301337987201,0.6811555399611209
2,LightGBM,VLE_only,0,26026,6567,3,0.7223721856068046,0.7535826181985819,0.6676575505350772,0.6925686093123651,0.6444763271162124,0.6604925438306565
2,LightGBM,VLE_only,1,26064,6529,3,0.7304325982336454,0.7615747208940206,0.6654326700601574,0.7083743842364532,0.6273996509598604,0.6700569914456371
2,LightGBM,VLE_only,2,26072,6521,3,0.7212485030787074,0.7597722468080892,0.6611119527344341,0.6861635220125786,0.6378251973107278,0.65794485671988
2,LightGBM,VLE_only,3,26099,6494,3,0.7154642179483375,0.7512710275958386,0.6598984771573604,0.6754278728606357,0.645067133683596,0.649456643764875
2,LightGBM,VLE_only,4,26111,6482,3,0.7171018584132356,0.7497962809316354,0.6538812785388128,0.685823754789272,0.62478184991274,0.6507614900023622
2,LightGBM,Assessment_only,0,26026,6567,3,0.5115315754829496,0.5364325253833562,0.6942449681399818,0.5360824742268041,0.9847919655667144,0.5105660022512353
2,LightGBM,Assessment_only,1,26064,6529,3,0.5117519214051792,0.5321973469925801,0.6903324808184144,0.532428593971911,0.9813845258871436,0.5113975363178843
2,LightGBM,Assessment_only,2,26072,6521,3,0.5126103007043781,0.5313065460563605,0.6890050210062506,0.5304512464499842,0.9827535808243204,0.5113767904121602
2,LightGBM,Assessment_only,3,26099,6494,3,0.5163575324365939,0.5368614674164406,0.6927741802857437,0.534666032048231,0.9836544074722708,0.5138285075171002
2,LightGBM,Assessment_only,4,26111,6482,3,0.508339869236079,0.5350627459229839,0.6921735562621807,0.5346220884170496,0.9813845258871436,0.5082678214192617
2,LightGBM,VLE+Assessment,0,26026,6567,6,0.7290468932860493,0.7588384567045111,0.6696455168305034,0.6961907711365748,0.6450502152080344,0.6633752049434072
2,LightGBM,VLE+Assessment,1,26064,6529,6,0.7334833588629865,0.7640187813270096,0.6646985705407085,0.7134756504336224,0.6221640488656196,0.6721302288973844
2,LightGBM,VLE+Assessment,2,26072,6521,6,0.7244512545850581,0.7624643667100932,0.659070191431176,0.6861752609933566,0.6340251388482899,0.657012569424145
2,LightGBM,VLE+Assessment,3,26099,6494,6,0.7204614265784084,0.7556944767397088,0.6674666266686665,0.6865165072508485,0.6494454173963806,0.6591425261688553
2,LightGBM,VLE+Assessment,4,26111,6482,6,0.7240826612055568,0.7571796457405137,0.6650492797573919,0.6946468165980361,0.6378708551483421,0.6605911437371146
2,LightGBM,All_features,0,26026,6567,44,0.7702721033966838,0.8027677634809809,0.7089728453364817,0.7298693406259495,0.6892395982783357,0.7003952696128862
2,LightGBM,All_features,1,26064,6529,44,0.7784091967729314,0.8102577775528236,0.7033033947328361,0.7377834557649313,0.6719022687609075,0.7031462168780274
2,LightGBM,All_features,2,26072,6521,44,0.7702046185325928,0.8082123458096323,0.7031108426457263,0.7272727272727273,0.6805027769657995,0.6994449368699965
2,LightGBM,All_features,3,26099,6494,44,0.7639142275002645,0.8035283013400963,0.7015036474616644,0.7158918261926466,0.6876824284880327,0.6914618139832602
2,LightGBM,All_features,4,26111,6482,44,0.7643982879756972,0.8015871464805587,0.7012750455373407,0.7333333333333333,0.6719022687609075,0.6979747874684958
4,Majority,All_features,0,26026,6567,44,0.5,0.5306837216384955,0.6933943493832073,0.5306837216384955,1.0,0.5
4,Majority,All_features,1,26064,6529,44,0.5,0.5265737478940113,0.6898765927560951,0.5265737478940113,1.0,0.5
4,Majority,All_features,2,26072,6521,44,0.5,0.524612789449471,0.688191510762422,0.524612789449471,1.0,0.5
4,Majority,All_features,3,26099,6494,44,0.5,0.5275639051432092,0.6907258064516129,0.5275639051432092,1.0,0.5
4,Majority,All_features,4,26111,6482,44,0.5,0.5303918543659364,0.6931451612903226,0.5303918543659364,1.0,0.5
4,LogisticRegression,VLE_only,0,26026,6567,3,0.7247468756895455,0.7679193752534004,0.6979070685797025,0.6446984435797666,0.7606886657101866,0.6433229181892919
4,LogisticRegression,VLE_only,1,26064,6529,3,0.7166136500553597,0.7598856243793815,0.6897196261682244,0.6374629812438302,0.7513089005235603,0.6380290863018966
4,LogisticRegression,VLE_only,2,26072,6521,3,0.71967369473178,0.7665152550674633,0.6882580301212848,0.6325330720235178,0.7547500730780473,0.6354395526680559
4,LogisticRegression,VLE_only,3,26099,6494,3,0.713908890218294,0.7554428647564275,0.6901836438102787,0.630461018585566,0.762405137186223,0.6316914864549108
4,LogisticRegression,VLE_only,4,26111,6482,3,0.7097427568055565,0.7569536444931525,0.6857294853038968,0.6317079147267827,0.7498545666084933,0.6280481768653504
4,LogisticRegression,Assessment_only,0,26026,6567,3,0.6960335245983296,0.6740179550901595,0.6790530416541805,0.7105675760426466,0.6502152080344333,0.6753671757239006
4,LogisticRegression,Assessment_only,1,26064,6529,3,0.6930200817588792,0.6701903390437509,0.6662555880992754,0.7087569694981961,0.6285631180919139,0.6706387250116639
4,LogisticRegression,Assessment_only,2,26072,6521,3,0.7006867922037509,0.6731544199958657,0.6786805131337813,0.7105852254557083,0.6495176848874598,0.678791100508246
4,LogisticRegression,Assessment_only,3,26099,6494,3,0.6994559873077341,0.6750255621670702,0.6747394236664623,0.710458360232408,0.6424401634559253,0.6750336410499965
4,LogisticRegression,Assessment_only,4,26111,6482,3,0.6893441470035369,0.6692003570210645,0.6772775504016978,0.7071858182969294,0.6497963932518906,0.672959957466944
4,LogisticRegression,VLE+Assessment,0,26026,6567,6,0.754508056684949,0.7886858506918197,0.701683110853163,0.7097152920457881,0.6938307030129125,0.6864675903124264
4,LogisticRegression,VLE+Assessment,1,26064,6529,6,0.7432164803557175,0.7787443311769928,0.6867612293144209,0.6978978978978979,0.6759744037230948,0.67525669393531
4,LogisticRegression,VLE+Assessment,2,26072,6521,6,0.751613704726971,0.7921916284266382,0.6944240105929086,0.6990521327014217,0.689856767027185,0.681057415771657
4,LogisticRegression,VLE+Assessment,3,26099,6494,6,0.7500204072545935,0.7831725436032445,0.7022521205030711,0.7036928487690504,0.7008172796263864,0.6856433203868568
4,LogisticRegression,VLE+Assessment,4,26111,6482,6,0.7407095582417733,0.7790561722197669,0.6947461109480482,0.7011255924170616,0.6884816753926701,0.678504963846138
4,LogisticRegression,All_features,0,26026,6567,44,0.7874065825820681,0.8224839801472559,0.7226173541963016,0.7165021156558533,0.7288378766140603,0.7013754600461606
4,LogisticRegression,All_features,1,26064,6529,44,0.7769502989500753,0.8133726421707276,0.7109226495101623,0.7147897677153778,0.7070971495055265,0.6966414249630513
4,LogisticRegression,All_features,2,26072,6521,44,0.7844529047345145,0.8205796165791719,0.7154092630352461,0.7129172714078374,0.7179187372113417,0.6994432395734127
4,LogisticRegression,All_features,3,26099,6494,44,0.777125094472745,0.8115265273972894,0.7180897250361794,0.7121125143513203,0.7241681260945709,0.698622524585747
4,LogisticRegression,All_features,4,26111,6482,44,0.7701821319120994,0.8119307173364007,0.7120312726219777,0.708849812626117,0.7152414194299012,0.6917205783089059
4,RandomForest,VLE_only,0,26026,6567,3,0.7036078418958791,0.7495582995427592,0.6461129960171117,0.6648451730418944,0.6284074605451937,0.6350992526606565
4,RandomForest,VLE_only,1,26064,6529,3,0.6923623144300979,0.7400740709851616,0.628684893844509,0.661949179800579,0.5986038394415357,0.6292922141238737
4,RandomForest,VLE_only,2,26072,6521,3,0.6995454545454546,0.744688727574744,0.6472188633615478,0.6701095461658841,0.6258403975445777,0.6429201987722888
4,RandomForest,VLE_only,3,26099,6494,3,0.6970581111083203,0.7406127484545859,0.6403018867924528,0.6630196936542669,0.6190893169877408,0.6338601734873515
4,RandomForest,VLE_only,4,26111,6482,3,0.6953592797205844,0.7424935691544552,0.643559860753746,0.6708740927737457,0.6183827806864456,0.6378707595942084
4,RandomForest,Assessment_only,0,26026,6567,3,0.7168423213605728,0.7054045392776849,0.6994916485112563,0.7082352941176471,0.690961262553802,0.6845461731328386
4,RandomForest,Assessment_only,1,26064,6529,3,0.7078183880879938,0.6954545337282105,0.6852731591448931,0.6998180715585203,0.6713205351948808,0.6755179188429921
4,RandomForest,Assessment_only,2,26072,6521,3,0.7200752939623388,0.7059230512241603,0.7032649523259173,0.6952299343044844,0.7114878690441392,0.6836471603285212
4,RandomForest,Assessment_only,3,26099,6494,3,0.7160413293999184,0.7007762169325201,0.6985005095355947,0.6967760673830962,0.7002335084646818,0.6799733383262132
4,RandomForest,Assessment_only,4,26111,6482,3,0.7100688830639089,0.6982684958903868,0.6988826004933972,0.6973646104836374,0.7004072134962187,0.6785544608873997
4,RandomForest,VLE+Assessment,0,26026,6567,6,0.7604206681643869,0.7935241000140952,0.7019613626308804,0.7220873786407767,0.6829268292682927,0.6928586125575726
4,RandomForest,VLE+Assessment,1,26064,6529,6,0.7508473341791149,0.7831167934697313,0.6876799515078043,0.7178108193609617,0.659976730657359,0.685698491501439
4,RandomForest,VLE+Assessment,2,26072,6521,6,0.7553928770120036,0.7875772906259962,0.7004773269689738,0.7151995126408772,0.6863490207541655,0.6923680587641795
4,RandomForest,VLE+Assessment,3,26099,6494,6,0.7529751303590687,0.7877284211888638,0.6871980676328503,0.7116948092557849,0.6643315820198482,0.6819050348169645
4,RandomForest,VLE+Assessment,4,26111,6482,6,0.7507857416414977,0.7851503811748841,0.687537627934979,0.7124142233312539,0.6643397324025596,0.6807243997098211
4,RandomForest,All_features,0,26026,6567,44,0.8098655869178838,0.8468779223946936,0.7375415282392026,0.7784507491233663,0.7007173601147776,0.7376072199665387
4,RandomForest,All_features,1,26064,6529,44,0.8020604961504143,0.8388622978159332,0.718266253869969,0.7677035076108537,0.6748109365910413,0.7238499846332754
4,RandomForest,All_features,2,26072,6521,44,0.8107752402146138,0.8491512666707963,0.7365352155899954,0.7751937984496124,0.701549254603917,0.7385165627858294
4,RandomForest,All_features,3,26099,6494,44,0.8092238507433378,0.8465269602345973,0.7299984702462904,0.7669559627129541,0.6964389959136019,0.7300643480219899
4,RandomForest,All_features,4,26111,6482,44,0.8093515868483877,0.8486693456646756,0.7349267540478026,0.7820807351493272,0.6931355439208843,0.7375007548776563
4,XGBoost,VLE_only,0,26026,6567,3,0.7208786707098279,0.7675660899554495,0.6635000742170105,0.6872693726937269,0.6413199426111909,0.6556697052445961
4,XGBoost,VLE_only,1,26064,6529,3,0.7180400829671384,0.764004570617068,0.6595905989385898,0.6889452011403231,0.6326352530541012,0.6574693573584967
4,XGBoost,VLE_only,2,26072,6521,3,0.7191777069523154,0.7668681126341906,0.6636677162992952,0.6813423645320197,0.6468868751826952,0.6565079537203798
4,XGBoost,VLE_only,3,26099,6494,3,0.7139395724542211,0.7571746987183438,0.6526283896379337,0.6784251968503937,0.6287215411558669,0.6479657249455997
4,XGBoost,VLE_only,4,26111,6482,3,0.7174244491686409,0.7623851039093597,0.6597441685477803,0.6835048331774244,0.6375799883653287,0.6520685749973818
4,XGBoost,Assessment_only,0,26026,6567,3,0.7169953364609799,0.7066913140092703,0.6984311446833237,0.7072668431891733,0.6898134863701578,0.6834855880909841
4,XGBoost,Assessment_only,1,26064,6529,3,0.7090739332359576,0.6965942989167861,0.6846176733115145,0.7006699147381242,0.6692844677137871,0.6756322047401029
4,XGBoost,Assessment_only,2,26072,6521,3,0.7217821142657779,0.7085147923291276,0.7001317137421338,0.7010550996483002,0.6992107570885706,0.6850892495120273
4,XGBoost,Assessment_only,3,26099,6494,3,0.7168628522130407,0.702111148071849,0.7010517216539404,0.692176386913229,0.7101576182136602,0.6787424336179122
4,XGBoost,Assessment_only,4,26111,6482,3,0.7127017338870887,0.7017248367932779,0.6995932597327136,0.6987811955890888,0.7004072134962187,0.6797042637783328
4,XGBoost,VLE+Assessment,0,26026,6567,6,0.776330886891722,0.8103846081986056,0.7142220240748997,0.7407521578298397,0.6895265423242468,0.7083258928363609
4,XGBoost,VLE+Assessment,1,26064,6529,6,0.7641068037231701,0.8014387468635091,0.6980786825251601,0.7336538461538461,0.6657940663176265,0.6984745161740187
4,XGBoost,VLE+Assessment,2,26072,6521,6,0.7707916002677957,0.8090385543042367,0.7091180866965621,0.7256041602936678,0.6933645133002047,0.7020048372952636
4,XGBoost,VLE+Assessment,3,26099,6494,6,0.7697174037633832,0.8039396921734344,0.7104397247980856,0.7285276073619632,0.6932282545242265,0.7023833580313441
4,XGBoost,VLE+Assessment,4,26111,6482,6,0.771674448595316,0.8063911894538367,0.7107733571747876,0.7286892758936755,0.693717277486911,0.7009979291508143
4,XGBoost,All_features,0,26026,6567,44,0.810915511643951,0.8504188353970836,0.7318840579710145,0.7722204523733673,0.6955523672883788,0.7317800772197897
4,XGBoost,All_features,1,26064,6529,44,0.8065564158286486,0.8451878592230662,0.7243293246993524,0.7706692913385826,0.6832460732984293,0.7285528328316799
4,XGBoost,All_features,2,26072,6521,44,0.8138469698541269,0.8541878654765177,0.7390639339247477,0.7751042669233237,0.7062262496346098,0.7400486086882727
4,XGBoost,All_features,3,26099,6494,44,0.8110133624229472,0.8492550345231366,0.733908829320006,0.762669184765502,0.7072387624051372,0.7307380252703652
4,XGBoost,All_features,4,26111,6482,44,0.8075611890450626,0.849323161776411,0.732063975628332,0.7684681803645667,0.6989528795811518,0.730553969356936
4,LightGBM,VLE_only,0,26026,6567,3,0.7384033919355875,0.7810835899757307,0.6733936785873275,0.6972956361401352,0.6510760401721665,0.6657391881587633
4,LightGBM,VLE_only,1,26064,6529,3,0.734288488657701,0.7747655457109396,0.6656351539532724,0.7110743801652892,0.6256544502617801,0.6714490303719124
4,LightGBM,VLE_only,2,26072,6521,3,0.7349320138423966,0.7784555699813158,0.6684782608695652,0.6912269747112082,0.6471791873721134,0.6640734646537987
4,LightGBM,VLE_only,3,26099,6494,3,0.7282853491705046,0.7674465956344265,0.6639219274168954,0.6950830140485313,0.6354349095154699,0.662078602084984
4,LightGBM,VLE_only,4,26111,6482,3,0.7274519955143067,0.7716184433248274,0.6648443432042521,0.6955830950111217,0.6367073880162886,0.6609949555061732
4,LightGBM,Assessment_only,0,26026,6567,3,0.7186846939279027,0.7077091287657825,0.6987216734456712,0.7075610473668726,0.6901004304160688,0.6837912924306171
4,LightGBM,Assessment_only,1,26064,6529,3,0.710186962129352,0.6974939447930413,0.6861313868613139,0.703206106870229,0.6698662012798139,0.6777024309537212
4,LightGBM,Assessment_only,2,26072,6521,3,0.7224728668282241,0.7089672053428339,0.70460153868486,0.6998269896193772,0.709441683718211,0.6868176160526539
4,LightGBM,Assessment_only,3,26099,6494,3,0.7182576809291018,0.704080107740352,0.7026793431287813,0.6936860068259386,0.7119089316987741,0.6804329534634679
4,LightGBM,Assessment_only,4,26111,6482,3,0.713684985922965,0.7035778017368293,0.7002613999419112,0.699245939675174,0.7012798138452588,0.6803048215087004
4,LightGBM,VLE+Assessment,0,26026,6567,6,0.7867017448469709,0.8202559110217376,0.7252184392889425,0.7633999365683476,0.690674318507891,0.7243118510125438
4,LightGBM,VLE+Assessment,1,26064,6529,6,0.7762197443496468,0.8095784059708844,0.7094200675053698,0.7506493506493507,0.6724840023269343,0.7120103609175921
4,LightGBM,VLE+Assessment,2,26072,6521,6,0.786184713015436,0.8214842990817104,0.7168087697929354,0.748013981569749,0.6881028938906752,0.716148221138886
4,LightGBM,VLE+Assessment,3,26099,6494,6,0.7808371217570067,0.8131847539358814,0.7126996197718631,0.7440457288027945,0.6838879159369528,0.7105880257650865
4,LightGBM,VLE+Assessment,4,26111,6482,6,0.7824047478173525,0.8155846703205694,0.7138293016887266,0.7483253588516746,0.6823734729493892,0.7115875249109627
4,LightGBM,All_features,0,26026,6567,44,0.8221346328056554,0.8575243967250876,0.7435702328412722,0.7916396629941672,0.7010043041606887,0.7461867724567233
4,LightGBM,All_features,1,26064,6529,44,0.8189287463895726,0.8546528295811222,0.7313502569693194,0.7871270533020449,0.682955206515416,0.7387600361273294
4,LightGBM,All_features,2,26072,6521,44,0.8259145599758607,0.8629599544923163,0.7419804741980475,0.7895778364116095,0.6997953814674072,0.746994464927252
4,LightGBM,All_features,3,26099,6494,44,0.8206981507316928,0.8573338308566928,0.7337952270977676,0.776474421635712,0.695563339171045,0.7359824518541014
4,LightGBM,All_features,4,26111,6482,44,0.8213049789819128,0.8593799587333895,0.7404639576521874,0.7966499162479062,0.6916812100058173,0.7461362686034343
6,Majority,All_features,0,26026,6567,44,0.5,0.5306837216384955,0.6933943493832073,0.5306837216384955,1.0,0.5
6,Majority,All_features,1,26064,6529,44,0.5,0.5265737478940113,0.6898765927560951,0.5265737478940113,1.0,0.5
6,Majority,All_features,2,26072,6521,44,0.5,0.524612789449471,0.688191510762422,0.524612789449471,1.0,0.5
6,Majority,All_features,3,26099,6494,44,0.5,0.5275639051432092,0.6907258064516129,0.5275639051432092,1.0,0.5
6,Majority,All_features,4,26111,6482,44,0.5,0.5303918543659364,0.6931451612903226,0.5303918543659364,1.0,0.5
6,LogisticRegression,VLE_only,0,26026,6567,3,0.7367767860218588,0.7800324790748618,0.7017451777981892,0.6465183752417795,0.7672883787661406,0.6464605424005914
6,LogisticRegression,VLE_only,1,26064,6529,3,0.7329016252969599,0.7761761132011616,0.6985645933014354,0.6431718061674009,0.7643979057591623,0.6463529483503025
6,LogisticRegression,VLE_only,2,26072,6521,3,0.7319249700615741,0.776854726702789,0.6970139349701393,0.6383082158483228,0.7676118094124526,0.6438059047062263
6,LogisticRegression,VLE_only,3,26099,6494,3,0.7269632540028663,0.7667315415585227,0.6997896950578338,0.6365375418460067,0.7769994162288383,0.6407813248028155
6,LogisticRegression,VLE_only,4,26111,6482,3,0.7217308350896183,0.7691982280180003,0.6921545201115094,0.6366300366300366,0.7582897033158813,0.634729608556758
6,LogisticRegression,Assessment_only,0,26026,6567,3,0.7688344038648999,0.7644671253702735,0.6911621884104888,0.7927961381359079,0.6126255380200861,0.715787136304008
6,LogisticRegression,Assessment_only,1,26064,6529,3,0.7547896094969935,0.7507425176200163,0.6738625041514447,0.7852167182662538,0.5901687027341478,0.7053075800956408
6,LogisticRegression,Assessment_only,2,26072,6521,3,0.7677849336639919,0.7628720988897193,0.6879233437964646,0.791033434650456,0.608593978368898,0.7155873117650942
6,LogisticRegression,Assessment_only,3,26099,6494,3,0.762781886501795,0.7574334065876746,0.6813587406793703,0.7880413951705635,0.6001167542323409,0.7099345179245147
6,LogisticRegression,Assessment_only,4,26111,6482,3,0.7611630161165424,0.7600750350200077,0.6849810824148709,0.78833775085195,0.6055846422338569,0.7109723473981373
6,LogisticRegression,VLE+Assessment,0,26026,6567,6,0.7888265925068687,0.8172756152127036,0.712957222566646,0.7751937984496124,0.6599713055954088,0.7217766975738238
6,LogisticRegression,VLE+Assessment,1,26064,6529,6,0.7753821025932595,0.8057181393245256,0.7000318775900541,0.7743300423131171,0.6387434554973822,0.7158453608771285
6,LogisticRegression,VLE+Assessment,2,26072,6521,6,0.7833643247116953,0.8151903193615755,0.7094541450369671,0.7680517711171662,0.6591639871382636,0.7197432838917124
6,LogisticRegression,VLE+Assessment,3,26099,6494,6,0.7784030452761344,0.8050924149213465,0.7054202670856246,0.7638652602926166,0.6552831290134268,0.7145385658104944
6,LogisticRegression,VLE+Assessment,4,26111,6482,6,0.7756448184051021,0.8078294295530862,0.7060305463706503,0.7696532784071404,0.6521233275159977,0.71584484378428
6,LogisticRegression,All_features,0,26026,6567,44,0.8076352998900451,0.8406268113093665,0.7365032918800293,0.7513432835820896,0.7222381635581062,0.7259795619867104
6,LogisticRegression,All_features,1,26064,6529,44,0.7979084692766197,0.8323285592283974,0.7200841852074564,0.7451773490976976,0.6966259453170448,0.7158315750525697
6,LogisticRegression,All_features,2,26072,6521,44,0.8038587094888308,0.8398882518960259,0.7298747763864043,0.7447520535442653,0.7155802396959953,0.7224675392028364
6,LogisticRegression,All_features,3,26099,6494,44,0.7958386896430472,0.8285160358808139,0.7239227340267459,0.7372881355932204,0.7110332749562172,0.7140564027975349
6,LogisticRegression,All_features,4,26111,6482,44,0.7946172827614992,0.8338529399186678,0.7225960819500523,0.7436134195136965,0.7027341477603257,0.7145405298591379
6,RandomForest,VLE_only,0,26026,6567,3,0.7128069495948613,0.7596452686826943,0.6630096367679763,0.6858895705521473,0.6416068866571019,0.6546775510508092
6,RandomForest,VLE_only,1,26064,6529,3,0.7168146972510596,0.7641690998432988,0.6508009153318077,0.6843118383060636,0.6204188481675392,0.6510376350187421
6,RandomForest,VLE_only,2,26072,6521,3,0.722676448124016,0.7655571062965402,0.660890712874297,0.688410386320456,0.6354866997953814,0.6590336724783359
6,RandomForest,VLE_only,3,26099,6494,3,0.7079017365479564,0.7538388884975031,0.6509002136100092,0.6819053708439897,0.6225919439579685,0.6491382144822437
6,RandomForest,VLE_only,4,26111,6482,3,0.7089615062083432,0.7575997202882108,0.6536396181384249,0.6708511941212493,0.6372891215823153,0.6420676882550209
6,RandomForest,Assessment_only,0,26026,6567,3,0.7729810804998153,0.7724523852355187,0.7284547928636226,0.7698945349952061,0.6912482065997131,0.7288168352920694
6,RandomForest,Assessment_only,1,26064,6529,3,0.7498567779864942,0.7525051601311584,0.7044258743423089,0.7526455026455027,0.6620127981384526,0.7100099577880875
6,RandomForest,Assessment_only,2,26072,6521,3,0.7719215754684068,0.7692195594287672,0.7197911868570551,0.7580853816300129,0.6851797719964923,0.7219447247079236
6,RandomForest,Assessment_only,3,26099,6494,3,0.7626586342951477,0.7634792709941296,0.713323124042879,0.7503221649484536,0.6798015178050204,0.7135969779377123
6,RandomForest,Assessment_only,4,26111,6482,3,0.7635081056660543,0.7654158341262366,0.7176578786020846,0.7585871678548283,0.6809191390343223,0.7180876904107223
6,RandomForest,VLE+Assessment,0,26026,6567,6,0.7837894303667242,0.8118412774637483,0.7193862496311596,0.7403583358639538,0.6995695839311334,0.7110761612063194
6,RandomForest,VLE+Assessment,1,26064,6529,6,0.7775971505406396,0.8118285066966586,0.7099305765167522,0.7377666248431619,0.6841186736474695,0.7068280200977561
6,RandomForest,VLE+Assessment,2,26072,6521,6,0.7889161346899134,0.8161994971134187,0.7269477133919261,0.741190765492102,0.713241742180649,0.7192015162516148
6,RandomForest,VLE+Assessment,3,26099,6494,6,0.7787522519334089,0.8066706476942231,0.7113095238095238,0.7255616272009715,0.6976065382370111,0.7014760200963412
6,RandomForest,VLE+Assessment,4,26111,6482,6,0.777739795009628,0.8073094928684003,0.7140495867768595,0.7385763133354056,0.6910994764397905,0.7074091337520898
6,RandomForest,All_features,0,26026,6567,44,0.8344168527954701,0.8691353902679142,0.7564374431990306,0.8010907924286172,0.7164992826398853,0.7576656049799038
6,RandomForest,All_features,1,26064,6529,44,0.8252647207669472,0.8617627596391775,0.7392318457471622,0.794186435015035,0.6913903432228039,0.7460510434975229
6,RandomForest,All_features,2,26072,6521,44,0.832530480617816,0.8693243668414624,0.7518427518427518,0.7919767065674539,0.7155802396959953,0.7540804424286428
6,RandomForest,All_features,3,26099,6494,44,0.8268085774783065,0.8624583016075248,0.7479326186830015,0.7867268041237113,0.712784588441331,0.7485044193836381
6,RandomForest,All_features,4,26111,6482,44,0.8309406100481668,0.8671282645099044,0.7476117103235748,0.7948885976408913,0.7056428155904596,0.7499961778346516
6,XGBoost,VLE_only,0,26026,6567,3,0.733432705476423,0.7802093058045851,0.6720454205886748,0.7010598503740648,0.6453371592539455,0.6670877879332674
6,XGBoost,VLE_only,1,26064,6529,3,0.7400298846564055,0.7837409769806148,0.6781765864001211,0.7074249605055293,0.6512507271669575,0.6758356515161866
6,XGBoost,VLE_only,2,26072,6521,3,0.746484238715335,0.7905717000247989,0.6876687668766877,0.7063174114021572,0.6699795381467407,0.6812800916540156
6,XGBoost,VLE_only,3,26099,6494,3,0.7312244219561891,0.7747039195387713,0.6737096287352853,0.6975,0.6514886164623468,0.6679868114906258
6,XGBoost,VLE_only,4,26111,6482,3,0.732513450199861,0.7777704451621805,0.6762696762696763,0.6908373786407767,0.662303664921466,0.6637733830520602
6,XGBoost,Assessment_only,0,26026,6567,3,0.7768788922954313,0.7768060943351046,0.7296723300970874,0.7740585774058577,0.6901004304160688,0.7311631289004419
6,XGBoost,Assessment_only,1,26064,6529,3,0.7566875364289237,0.7604136504352219,0.7063393412057178,0.7581721147431622,0.6611401977894125,0.7132941364230142
6,XGBoost,Assessment_only,2,26072,6521,3,0.7747829817729206,0.7746603635596782,0.7203441917639828,0.7593132491091675,0.6851797719964923,0.7227511763208267
6,XGBoost,Assessment_only,3,26099,6494,3,0.7677743381960634,0.7695218855826662,0.7148779364348227,0.7541302235179786,0.6795096322241682,0.716058597076882
6,XGBoost,Assessment_only,4,26111,6482,3,0.7700259486805503,0.7755158155568063,0.7205407896758335,0.7635949202214263,0.6820826061663758,0.7217903175378528
6,XGBoost,VLE+Assessment,0,26026,6567,6,0.7953353437416497,0.8295507294903337,0.7317144528964307,0.7463443748134885,0.7176470588235294,0.7209260602359049
6,XGBoost,VLE+Assessment,1,26064,6529,6,0.7908155919651886,0.8258092679670406,0.7226638668066596,0.746051409104986,0.7006980802792321,0.7177058825854264
6,XGBoost,VLE+Assessment,2,26072,6521,6,0.8013848525709328,0.8335417972677293,0.7369516728624536,0.75,0.7243496053785443,0.7289489962376592
6,XGBoost,VLE+Assessment,3,26099,6494,6,0.791420304961446,0.8228848166422222,0.7284392718591465,0.7451159951159951,0.7124927028604787,0.7201642132294571
6,XGBoost,VLE+Assessment,4,26111,6482,6,0.7912024646851032,0.8243795223678385,0.7281582054309327,0.7390653085680048,0.7175683536940082,0.7157158457037716
6,XGBoost,All_features,0,26026,6567,44,0.8292436203363446,0.8692537232307005,0.7537627934978929,0.7926559037670149,0.7185078909612626,0.7529917780568804
6,XGBoost,All_features,1,26064,6529,44,0.8221785310389957,0.8617506447550913,0.73721612853391,0.786161449752883,0.6940081442699244,0.7420218657292683
6,XGBoost,All_features,2,26072,6521,44,0.8324256254066439,0.8704981563770133,0.7470174365249311,0.7834456207892204,0.7138263665594855,0.7480422155378073
6,XGBoost,All_features,3,26099,6494,44,0.8243408218919515,0.8632919623028947,0.7430227238066189,0.7780261897157458,0.7110332749562172,0.7422506661612898
6,XGBoost,All_features,4,26111,6482,44,0.8265544364255415,0.8664662017306475,0.7467601768562281,0.7846843960269144,0.7123327515997673,0.7457852982703173
6,LightGBM,VLE_only,0,26026,6567,3,0.7508284322259949,0.7925280396959602,0.6850171105490255,0.711372064276885,0.660545193687231,0.6787476130668472
6,LightGBM,VLE_only,1,26064,6529,3,0.7543028710838143,0.7929747243377048,0.6840341255332114,0.718170185540627,0.6529959278650378,0.6839874495358835
6,LightGBM,VLE_only,2,26072,6521,3,0.7547416337422561,0.7969568276932866,0.6872366044551474,0.7083462612472852,0.667348728441976,0.6820614609951816
6,LightGBM,VLE_only,3,26099,6494,3,0.7477545360237041,0.7845948324882103,0.6861160981448234,0.7038060159607121,0.6692936368943374,0.6773782395684204
6,LightGBM,VLE_only,4,26111,6482,3,0.7444053054712769,0.7875636692237871,0.6807738814993954,0.7086217747010699,0.6550319953461314,0.6754135009582168
6,LightGBM,Assessment_only,0,26026,6567,3,0.7793378407693302,0.7805301231405214,0.7297297297297297,0.7749113189293776,0.6895265423242468,0.7315251141212409
6,LightGBM,Assessment_only,1,26064,6529,3,0.7618768407369327,0.7646317895469658,0.7124264022311745,0.7622679045092838,0.6687027341477604,0.7183694841880828
6,LightGBM,Assessment_only,2,26072,6521,3,0.776967968241695,0.7765473038112285,0.7225647348951911,0.7642647538311054,0.6851797719964923,0.7259769827724396
6,LightGBM,Assessment_only,3,26099,6494,3,0.770727872066588,0.7723664105458985,0.7180433779418551,0.7590243902439024,0.681260945709282,0.7198677609902342
6,LightGBM,Assessment_only,4,26111,6482,3,0.7720901568540215,0.7773387034324595,0.7206875383670964,0.7628330084470435,0.682955206515416,0.7215695874889827
6,LightGBM,VLE+Assessment,0,26026,6567,6,0.808584207649917,0.8401715859196368,0.7398758498374224,0.7628771715940262,0.7182209469153515,0.7328937310825947
6,LightGBM,VLE+Assessment,1,26064,6529,6,0.8018196441506982,0.8332773166417455,0.727821363910682,0.7561128526645768,0.7015706806282722,0.7249361005858928
6,LightGBM,VLE+Assessment,2,26072,6521,6,0.8085385333471631,0.8392773600127825,0.7420881396036676,0.7509727626459144,0.7334112832505115,0.732512093238159
6,LightGBM,VLE+Assessment,3,26099,6494,6,0.803676217071539,0.8316025138046668,0.7379504671511197,0.7500753693096172,0.7262113251605371,0.7280013601030847
6,LightGBM,VLE+Assessment,4,26111,6482,6,0.802833027177889,0.8343761796513471,0.7396736733793915,0.7476968796433878,0.7318208260616638,0.7264557481162458
6,LightGBM,All_features,0,26026,6567,44,0.8435782537006192,0.8781650460245166,0.7607735647936653,0.8105126541207008,0.7167862266857963,0.7636494404032486
6,LightGBM,All_features,1,26064,6529,44,0.838363747779447,0.8728529680504358,0.7482014388489209,0.8092016238159675,0.6957533449680047,0.7566440616784378
6,LightGBM,All_features,2,26072,6521,44,0.8418481202440335,0.8781630599366356,0.7565230816736144,0.8017015706806283,0.7161648640748319,0.760340496553545
6,LightGBM,All_features,3,26099,6494,44,0.8359165397516195,0.8707358811569912,0.7449953803510934,0.7884615384615384,0.706071220081728,0.7472663792716332
6,LightGBM,All_features,4,26111,6482,44,0.8369729902863491,0.874416069169471,0.7526250772081532,0.8021724818959842,0.7088423502036068,0.7557023840374144
8,Majority,All_features,0,26026,6567,44,0.5,0.5306837216384955,0.6933943493832073,0.5306837216384955,1.0,0.5
8,Majority,All_features,1,26064,6529,44,0.5,0.5265737478940113,0.6898765927560951,0.5265737478940113,1.0,0.5
8,Majority,All_features,2,26072,6521,44,0.5,0.524612789449471,0.688191510762422,0.524612789449471,1.0,0.5
8,Majority,All_features,3,26099,6494,44,0.5,0.5275639051432092,0.6907258064516129,0.5275639051432092,1.0,0.5
8,Majority,All_features,4,26111,6482,44,0.5,0.5303918543659364,0.6931451612903226,0.5303918543659364,1.0,0.5
8,LogisticRegression,VLE_only,0,26026,6567,3,0.7457771184002637,0.7894883921636326,0.7098716941607751,0.6527811220804238,0.7779053084648494,0.6550136535834954
8,LogisticRegression,VLE_only,1,26064,6529,3,0.7453852305168658,0.7894212225596446,0.7063807254434736,0.6482021379980564,0.7760325770796975,0.6537878834929384
8,LogisticRegression,VLE_only,2,26072,6521,3,0.7433843622408087,0.7907099627476932,0.7036596644206632,0.6419961427193829,0.7784273604209295,0.6496975511782067
8,LogisticRegression,VLE_only,3,26099,6494,3,0.741430189874044,0.7821680326857,0.70956749672346,0.6439105613701237,0.7901342673671921,0.6510971206457864
8,LogisticRegression,VLE_only,4,26111,6482,3,0.7339199114939392,0.7823368213403847,0.699523052464229,0.6423357664233577,0.7678883071553229,0.642485546481735
8,LogisticRegression,Assessment_only,0,26026,6567,3,0.7874023929383089,0.7806914104819991,0.7027381537957043,0.8198163733741393,0.6149210903873744,0.7310491240385931
8,LogisticRegression,Assessment_only,1,26064,6529,3,0.7723196263655729,0.7651863946044726,0.6831733198585144,0.8115246098439376,0.5898778359511344,0.7187499823560266
8,LogisticRegression,Assessment_only,2,26072,6521,3,0.7884310850439882,0.7784616735717984,0.699716241028209,0.8155642023346303,0.6126863490207541,0.7298915616071513
8,LogisticRegression,Assessment_only,3,26099,6494,3,0.7857601221885557,0.77497543620366,0.6926682289923,0.8120094191522763,0.6039112667834209,0.7238917481244354
8,LogisticRegression,Assessment_only,4,26111,6482,3,0.7806975298874219,0.7742653663556169,0.6907096559747382,0.8057386583947267,0.6044211751018034,0.7199175520712696
8,LogisticRegression,VLE+Assessment,0,26026,6567,6,0.8076508015719543,0.8351271862312526,0.7250078839482813,0.8046902345117256,0.6596843615494978,0.7393165480687138
8,LogisticRegression,VLE+Assessment,1,26064,6529,6,0.7954377483918578,0.8230612034255042,0.7059206245933637,0.8007380073800738,0.6311809191390343,0.7282400875216362
8,LogisticRegression,VLE+Assessment,2,26072,6521,6,0.8053990532856833,0.8349231040613512,0.7283496078117496,0.8050247699929228,0.6650102309266296,0.7436341477213793
8,LogisticRegression,VLE+Assessment,3,26099,6494,6,0.8044282410525843,0.8274605222534309,0.7193574297188755,0.7999285459092533,0.6535318155283129,0.7355012402283024
8,LogisticRegression,VLE+Assessment,4,26111,6482,6,0.7964094960933648,0.8266959230309745,0.7163268582436988,0.799355069867431,0.6489237929028505,0.7324776651767866
8,LogisticRegression,All_features,0,26026,6567,44,0.8204573787540372,0.8527286146938309,0.7446840148698884,0.7728395061728395,0.7185078909612626,0.7398509604060044
8,LogisticRegression,All_features,1,26064,6529,44,0.811363763400245,0.8411855875214397,0.7271065061709584,0.76352,0.6940081442699244,0.7274634703879548
8,LogisticRegression,All_features,2,26072,6521,44,0.8170661285607869,0.851862399719302,0.7387469586374696,0.7698890649762282,0.7100263080970477,0.7379163798549755
8,LogisticRegression,All_features,3,26099,6494,44,0.811803632167846,0.8458976546199806,0.7333333333333333,0.7587390761548065,0.7095738470519556,0.7288090878023794
8,LogisticRegression,All_features,4,26111,6482,44,0.8073433733972704,0.8447815291782172,0.7321755027422303,0.7687140115163148,0.6989528795811518,0.7307182269127835
8,RandomForest,VLE_only,0,26026,6567,3,0.7342058809563933,0.7786690872406243,0.6715219976218787,0.696577243293247,0.6482065997130559,0.6644667002458855
8,RandomForest,VLE_only,1,26064,6529,3,0.7291502812966919,0.7767989610909749,0.6651487553126897,0.6955555555555556,0.6372891215823153,0.6635167704320506
8,RandomForest,VLE_only,2,26072,6521,3,0.7427484417874418,0.7856503712246435,0.6777408637873754,0.7010309278350515,0.6559485530546624,0.6736194378176538
8,RandomForest,VLE_only,3,26099,6494,3,0.7242073232455849,0.7689876006388142,0.6623707477895999,0.680628272251309,0.645067133683596,0.6535309592798684
8,RandomForest,VLE_only,4,26111,6482,3,0.721794856359204,0.7705485022036056,0.6610297448286275,0.6872841444270016,0.6367073880162886,0.6547531683839656
8,RandomForest,Assessment_only,0,26026,6567,3,0.7902770006247224,0.7897281700407265,0.7540509259259259,0.7604318646046104,0.7477761836441894,0.7406953598298818
8,RandomForest,Assessment_only,1,26064,6529,3,0.7738713079632757,0.7686383888606145,0.7417840375586855,0.7483718176435761,0.7353112274578243,0.730159657727618
8,RandomForest,Assessment_only,2,26072,6521,3,0.7915555251718513,0.7841541772801679,0.7508802816901409,0.7537555228276878,0.7480268927214265,0.7391747366832939
8,RandomForest,Assessment_only,3,26099,6494,3,0.7892539963969065,0.7843213363940251,0.7563879210220673,0.7524552281917967,0.7603619381202569,0.7405134332061519
8,RandomForest,Assessment_only,4,26111,6482,3,0.7835873735532148,0.7770585785353844,0.7474452554744525,0.7502930832356389,0.7446189645142525,0.7323620446749974
8,RandomForest,VLE+Assessment,0,26026,6567,6,0.8221331897061384,0.847995825665784,0.7502958579881657,0.7743511450381679,0.727690100430416,0.7439553681905486
8,RandomForest,VLE+Assessment,1,26064,6529,6,0.818683565735046,0.840337876300957,0.7425113464447807,0.7736443883984867,0.7137870855148342,0.7407498999233828
8,RandomForest,VLE+Assessment,2,26072,6521,6,0.8293647867535432,0.8522533206734537,0.7547451800926618,0.77217125382263,0.7380882782812044,0.7488828488180215
8,RandomForest,VLE+Assessment,3,26099,6494,6,0.8165463447324739,0.8383355606122483,0.7483542788749252,0.7676488643339472,0.7300058377116171,0.7416326450618059
8,RandomForest,VLE+Assessment,4,26111,6482,6,0.81055700224514,0.8342037446278483,0.7421100090171325,0.7677238805970149,0.7181500872600349,0.7363746494118835
8,RandomForest,All_features,0,26026,6567,44,0.8577010772970654,0.8870960962346601,0.7813587532153125,0.8265044814340589,0.7408895265423242,0.7825148476319668
8,RandomForest,All_features,1,26064,6529,44,0.8493422985420526,0.881278106076356,0.7697775030902348,0.8210283454185893,0.7245491564863292,0.7744389263505732
8,RandomForest,All_features,2,26072,6521,44,0.8614815513290776,0.8924866140473007,0.7831417624521073,0.823131443298969,0.7468576439637533,0.7848804348851024
8,RandomForest,All_features,3,26099,6494,44,0.8562876416330065,0.8881844662998505,0.7796713329275715,0.8143674507310871,0.7478108581436077,0.7787294186415561
8,RandomForest,All_features,4,26111,6482,44,0.8515607143321263,0.8830198251191543,0.7779996927331387,0.8244871377401498,0.7364746945898778,0.7797025246930992
8,XGBoost,VLE_only,0,26026,6567,3,0.7536783210142289,0.7967920269686574,0.687509304749144,0.7144183168316832,0.6625538020086084,0.6815364727109882
8,XGBoost,VLE_only,1,26064,6529,3,0.7510991960182398,0.7977293182525051,0.6831487941756408,0.7137876386687797,0.6550319953461314,0.6814467644152203
8,XGBoost,VLE_only,2,26072,6521,3,0.7600752939623387,0.8052887701141116,0.6837167070217918,0.7088170693442108,0.6603332358959368,0.6804891985931297
8,XGBoost,VLE_only,3,26099,6494,3,0.7492351322922874,0.7911582794017672,0.6864419475655431,0.7051400430901816,0.6687098657326328,0.6782271623317662
8,XGBoost,VLE_only,4,26111,6482,3,0.7487910968773672,0.7931182969855213,0.6881427707199032,0.7167611846250788,0.6617219313554392,0.683193422970755
8,XGBoost,Assessment_only,0,26026,6567,3,0.8055372193986092,0.8011335389156109,0.7582481751824818,0.7717682020802378,0.74519368723099,0.7480024244071888
8,XGBoost,Assessment_only,1,26064,6529,3,0.7911139868435242,0.7864476204025612,0.7458179126572909,0.7594211637021405,0.7326934264107039,0.7372622745123723
8,XGBoost,Assessment_only,2,26072,6521,3,0.8081218470358601,0.8008335356028617,0.7560576780139735,0.7692075015124017,0.7433498976907337,0.7486104327163345
8,XGBoost,Assessment_only,3,26099,6494,3,0.8014495905610215,0.7955513873922393,0.7606007067137809,0.767379679144385,0.7539404553415061,0.7493626657411572
8,XGBoost,Assessment_only,4,26111,6482,3,0.7994886324980373,0.7952093841637589,0.750775594622544,0.7628339837886521,0.7390924956369983,0.7397827786989197
8,XGBoost,VLE+Assessment,0,26026,6567,6,0.8294045957598943,0.8549254397304389,0.7667937811674977,0.7842784278427842,0.7500717360114778,0.7583908323146292
8,XGBoost,VLE+Assessment,1,26064,6529,6,0.8269064101543466,0.8555122124359072,0.7559665871121718,0.7758726270667483,0.7370564281559046,0.7501199319686025
8,XGBoost,VLE+Assessment,2,26072,6521,6,0.8391782255707159,0.8659509186303526,0.7695491500369549,0.7784090909090909,0.7608886290558317,0.7609281854956578
8,XGBoost,VLE+Assessment,3,26099,6494,6,0.8282151082564422,0.8541422091204462,0.7633092464238312,0.7713859910581222,0.7553998832457677,0.7526999416228839
8,XGBoost,VLE+Assessment,4,26111,6482,6,0.819804110203729,0.8466430450702616,0.7582027785988767,0.7707331730769231,0.7460732984293194,0.7477081341029646
8,XGBoost,All_features,0,26026,6567,44,0.8556952620715275,0.8879563053002907,0.7787157069641242,0.8202604001270245,0.7411764705882353,0.7787647440546628
8,XGBoost,All_features,1,26064,6529,44,0.8510595982368447,0.8841675597247218,0.7707885854556612,0.8155844155844156,0.7306573589296103,0.7734490288662933
8,XGBoost,All_features,2,26072,6521,44,0.8640254217310539,0.8951746439946713,0.7848987669356067,0.8189326556543838,0.7535808243203742,0.7848549282892194
8,XGBoost,All_features,3,26099,6494,44,0.8564248316615558,0.8891508431698965,0.7812925684879674,0.8113800691606413,0.7533566841798015,0.7788947697300572
8,XGBoost,All_features,4,26111,6482,44,0.8519297921735813,0.8862459223394163,0.7711838482716427,0.8132258064516129,0.7332751599767307,0.7715324551526228
8,LightGBM,VLE_only,0,26026,6567,3,0.7653569995447254,0.8071184267861631,0.6975697569756976,0.7309022320025149,0.667144906743185,0.6947015902956678
8,LightGBM,VLE_only,1,26064,6529,3,0.7649748872150169,0.8064606167253597,0.6959037612303944,0.7302652604666028,0.664630599185573,0.6957899032809134
8,LightGBM,VLE_only,2,26072,6521,3,0.7690545586557411,0.8110341177719951,0.6919330289193303,0.7218164496665608,0.664425606547793,0.6909224806932514
8,LightGBM,VLE_only,3,26099,6494,3,0.759236018985121,0.7982717274299029,0.6909090909090909,0.718336483931947,0.6654991243432574,0.6870520393554618
8,LightGBM,VLE_only,4,26111,6482,3,0.7567982466198682,0.7998792174578668,0.6917110266159696,0.7248963978323238,0.6614310645724258,0.6889612615897609
8,LightGBM,Assessment_only,0,26026,6567,3,0.8106258210537978,0.8048519162054323,0.7619326500732064,0.7778774289985052,0.7466284074605452,0.7527755924389034
8,LightGBM,Assessment_only,1,26064,6529,3,0.7976650294941365,0.7925534262702602,0.7459605026929982,0.7680221811460258,0.725130890052356,0.7407602040038551
8,LightGBM,Assessment_only,2,26072,6521,3,0.8124306230021405,0.8047241583470682,0.7563201196709051,0.7745098039215687,0.7389652148494592,0.7507729300053747
8,LightGBM,Assessment_only,3,26099,6494,3,0.8071317979466782,0.8001194787756623,0.7600830367734283,0.772453285111513,0.7481027437244601,0.7510070433094269
8,LightGBM,Assessment_only,4,26111,6482,3,0.8060350939755795,0.8015582315949558,0.7490647912614096,0.7713405238828968,0.7280395578824899,0.7421406725023487
8,LightGBM,VLE+Assessment,0,26026,6567,6,0.8409307712575542,0.8651211663892717,0.7766734872844198,0.7914804885314268,0.7624103299856528,0.7676425433185889
8,LightGBM,VLE+Assessment,1,26064,6529,6,0.8337872774812649,0.8604610781385207,0.7570807732653979,0.7808346213292118,0.7347294938917975,0.7526769436459958
8,LightGBM,VLE+Assessment,2,26072,6521,6,0.8453959887224072,0.8709931123809278,0.7708487631462005,0.7813813813813814,0.7605963168664134,0.762878803594497
8,LightGBM,VLE+Assessment,3,26099,6494,6,0.837368974960251,0.8614975530249303,0.7760224420493135,0.7851807588885569,0.7670753064798599,0.7663603390287175
8,LightGBM,VLE+Assessment,4,26111,6482,6,0.8317723132279792,0.8571649969510255,0.7659763313609468,0.7793497892835641,0.7530541012216405,0.7561262621745521
8,LightGBM,All_features,0,26026,6567,44,0.8641340890829987,0.8944782174380203,0.7850296668188042,0.8354922279792746,0.7403156384505022,0.7877438023530902
8,LightGBM,All_features,1,26064,6529,44,0.8600718575518748,0.890697227724513,0.7769493631562597,0.8336666666666667,0.7274578243164631,0.7830106979880601
8,LightGBM,All_features,2,26072,6521,44,0.8689556911297395,0.8990753091706511,0.7853177051202961,0.831211230819458,0.7442268342589886,0.7887263203553008
8,LightGBM,All_features,3,26099,6494,44,0.8638079765821758,0.8949024846844555,0.7845236274659734,0.8239640218438805,0.7486865148861647,0.7850342613544252
8,LightGBM,All_features,4,26111,6482,44,0.8578863502066646,0.8909709239359646,0.7762669962917181,0.8279499011206328,0.7306573589296103,0.7795862353123741
