week,model,split_type,fold_or_seed,held_out_module,held_out_presentation,feature_set,auroc,auprc,f1,precision,recall,balanced_acc
8,GNN (weighted),random_student,42,,,full,0.8313722952960816,0.8740541662689854,0.7456040480708412,0.6582532946169309,0.8596849474912486,0.6817879990374531
8,GNN (unweighted),random_student,42,,,full,0.8312224648768742,0.8737726117749454,0.75564681724846,0.7118906370905339,0.8051341890315052,0.7214711152680224
8,GNN (weighted),random_student,123,,,full,0.839413209097448,0.8822317272949767,0.7530082330588981,0.8308874912648497,0.6884771279675739,0.765024161365129
8,GNN (unweighted),random_student,123,,,full,0.8388465850452569,0.8814089254853388,0.756461379412199,0.7720832077178174,0.7414591777649102,0.7469980013210803
8,GNN (weighted),random_student,7,,,full,0.8384561424888467,0.8796599398902261,0.7585890975721484,0.7979441053646,0.7229336437718277,0.7592236489340283
8,GNN (unweighted),random_student,7,,,full,0.8380261167989512,0.8794844855874087,0.7630282215917575,0.7835019932536031,0.7435972060535506,0.7570391751984268
8,GNN (weighted),random_student,17,,,full,0.8385916110383271,0.8817556219325962,0.7647791776270247,0.7365333333333334,0.7952778577598618,0.7356185943440174
8,GNN (unweighted),random_student,17,,,full,0.8401458394736439,0.8827231512700351,0.7637806045684585,0.7274622199062012,0.8039159228332854,0.7304263116954226
8,GNN (weighted),random_student,99,,,full,0.8373758805731399,0.8808391473173313,0.7647895335608647,0.7547010945832164,0.775151340443932,0.7426817710177219
8,GNN (unweighted),random_student,99,,,full,0.8405916021633062,0.8834991379444996,0.7667269439421338,0.7408602150537634,0.7944652637647737,0.7374183082749598
8,LightGBM,random_student,42,,,vle_only,0.7602286692183241,0.8025766525568179,0.7126200274348422,0.5859022556390977,0.9092765460910152,0.5974722548872715
8,LightGBM,random_student,123,,,vle_only,0.770515126559306,0.8136943090823043,0.7274384685505926,0.6610650887573964,0.8086276780544297,0.6699439535934997
8,LightGBM,random_student,7,,,vle_only,0.7600812403208739,0.8021437752616324,0.7189701238766092,0.6169237182159233,0.8614668218859138,0.6319687815541403
8,LightGBM,random_student,17,,,vle_only,0.7687860444678561,0.8113508341714348,0.7278903311901007,0.6289308176100629,0.8638065073423553,0.6416441523264744
8,LightGBM,random_student,99,,,vle_only,0.7629685016129981,0.8055507684458523,0.7291286912139993,0.6302521008403361,0.8648025367541078,0.6406240800481414
8,GNN,lcpo,0,AAA,2013J,full,0.6525179856115109,0.5155537454750188,0.4157303370786517,0.5068493150684932,0.3523809523809524,0.6114422747516273
8,GNN,lcpo,0,AAA,2013J,full,0.7266187050359713,0.5878835510028434,0.4429530201342282,0.75,0.3142857142857143,0.6373586844809866
8,GNN,lcpo,0,AAA,2013J,full,0.7747858855772525,0.6457089509636189,0.4571428571428571,0.9142857142857144,0.3047619047619048,0.6469852689277149
8,GNN,lcpo,0,AAA,2013J,full,0.7265159301130525,0.5905397984318237,0.4081632653061224,0.7142857142857143,0.2857142857142857,0.6212744090441933
8,GNN,lcpo,0,AAA,2013J,full,0.7412127440904419,0.5922220440527943,0.4415584415584415,0.6938775510204082,0.3238095238095238,0.6349263446385749
8,GNN,lcpo,1,AAA,2014J,full,0.7579757199322417,0.6641592815309558,0.5507246376811594,0.6,0.5089285714285714,0.6793654714850367
8,GNN,lcpo,1,AAA,2014J,full,0.7609048560135516,0.6841201067237774,0.5882352941176471,0.7333333333333333,0.4910714285714285,0.7060100225861096
8,GNN,lcpo,1,AAA,2014J,full,0.7530702992659515,0.651407516983414,0.5306122448979592,0.6190476190476191,0.4642857142857143,0.6689017504234895
8,GNN,lcpo,1,AAA,2014J,full,0.7513410502540938,0.6638109707880492,0.5560975609756098,0.6129032258064516,0.5089285714285714,0.6833180406549972
8,GNN,lcpo,1,AAA,2014J,full,0.7738212874082439,0.6835940547083738,0.5423728813559322,0.7384615384615385,0.4285714285714285,0.6806888763410502
8,GNN,lcpo,2,BBB,2013B,full,0.8238594378962707,0.8818100138156371,0.7395033860045147,0.6546762589928058,0.8495850622406639,0.6558012484304191
8,GNN,lcpo,2,BBB,2013B,full,0.8176250368173292,0.879020993249881,0.7497446373850868,0.738430583501006,0.7614107883817427,0.7188124925719424
8,GNN,lcpo,2,BBB,2013B,full,0.7970215426590121,0.8680831844936935,0.7253886010362695,0.6643658326143227,0.7987551867219918,0.657160905938829
8,GNN,lcpo,2,BBB,2013B,full,0.8336786841874092,0.8872861734063191,0.766951566951567,0.8508217446270544,0.6981327800829875,0.7755919193067491
8,GNN,lcpo,2,BBB,2013B,full,0.8428171328472585,0.8900898711081476,0.7610405323653963,0.9129172714078374,0.6524896265560166,0.7888849129044093
8,GNN,lcpo,3,BBB,2013J,full,0.8419295688937288,0.8853787662790737,0.7546628407460545,0.8520518358531317,0.6772532188841202,0.7747273557107168
8,GNN,lcpo,3,BBB,2013J,full,0.8470909935302031,0.8897354971964548,0.7186659494351803,0.962536023054755,0.5733905579399141,0.7745684132983153
8,GNN,lcpo,3,BBB,2013J,full,0.844499871885209,0.8904756762139423,0.708764289602613,0.96875,0.5587982832618026,0.7696043655114984
8,GNN,lcpo,3,BBB,2013J,full,0.813336749727756,0.8688239626844021,0.7406380027739251,0.8026052104208417,0.6875536480686695,0.7518924956761257
8,GNN,lcpo,3,BBB,2013J,full,0.8336941899942347,0.8808906233383713,0.6984649122807017,0.9666160849772384,0.5467811158798284,0.7631293639100634
8,GNN,lcpo,4,BBB,2014B,full,0.8538863755623933,0.9046877168809048,0.7652060170045781,0.9097978227060654,0.6602708803611738,0.7902454814460614
8,GNN,lcpo,4,BBB,2014B,full,0.851796709319042,0.9042547211738012,0.7428571428571429,0.970856102003643,0.6015801354401806,0.789785941172635
8,GNN,lcpo,4,BBB,2014B,full,0.8470507139951747,0.9015788788740046,0.74949358541526,0.9327731092436976,0.626410835214447,0.7856951012385852
8,GNN,lcpo,4,BBB,2014B,full,0.8408158702854428,0.89687795014377,0.7650145772594752,0.7913148371531966,0.7404063205417607,0.75122104197652
8,GNN,lcpo,4,BBB,2014B,full,0.8564992346170446,0.9054207405022876,0.7723270440251573,0.8721590909090909,0.6930022573363431,0.7846029168387355
8,GNN,lcpo,5,BBB,2014J,full,0.8497791788499025,0.8883563351155546,0.7837969741337237,0.8833883388338833,0.7043859649122807,0.8061860380116959
8,GNN,lcpo,5,BBB,2014J,full,0.8511939571150098,0.8903651667393849,0.783609576427256,0.8246124031007752,0.7464912280701754,0.7946865862573099
8,GNN,lcpo,5,BBB,2014J,full,0.8589303118908381,0.8939416644969709,0.7760791366906474,0.7961254612546126,0.7570175438596491,0.7825886330409357
8,GNN,lcpo,5,BBB,2014J,full,0.8607478983918128,0.8959230669539708,0.7874564459930313,0.9102416570771,0.6938596491228071,0.8130756578947369
8,GNN,lcpo,5,BBB,2014J,full,0.8484748111598441,0.8874432682790185,0.7352380952380952,0.6498316498316499,0.8464912280701754,0.6975511695906433
8,GNN,lcpo,6,CCC,2014B,full,0.754098049879206,0.8733241206561224,0.5980911983032874,0.9200652528548124,0.4430479183032207,0.6845707163160146
8,GNN,lcpo,6,CCC,2014B,full,0.7631407146216997,0.8773356697021054,0.6325910931174089,0.8890469416785206,0.4909662215239591,0.6866595813502149
8,GNN,lcpo,6,CCC,2014B,full,0.7715494923572185,0.8847516757056364,0.6480162767039674,0.9191919191919192,0.5003927729772192,0.7079641089622144
8,GNN,lcpo,6,CCC,2014B,full,0.7612035085349627,0.8779956027213176,0.5831062670299727,0.9519572953736656,0.420267085624509,0.6897715518620283
8,GNN,lcpo,6,CCC,2014B,full,0.7459392724398963,0.8674657457709146,0.6148300720906282,0.8923766816143498,0.4689709347996857,0.6801868248659062
8,GNN,lcpo,7,CCC,2014J,full,0.7438250915963847,0.8311809641562091,0.5572413793103448,0.8757225433526011,0.4086311530681052,0.6619510445143482
8,GNN,lcpo,7,CCC,2014J,full,0.7569897259250156,0.8443750405385217,0.559322033898305,0.9266770670826832,0.4005394470667566,0.6771170141737723
8,GNN,lcpo,7,CCC,2014J,full,0.7575079139940675,0.8424725813101765,0.6511056511056511,0.8289885297184567,0.5360755225893459,0.6872495839547714
8,GNN,lcpo,7,CCC,2014J,full,0.7555962650598407,0.8387078673313617,0.5926916221033868,0.873850197109067,0.4484153742414025,0.6769170467266126
8,GNN,lcpo,7,CCC,2014J,full,0.7569950406744417,0.8429066670991243,0.6688154713940371,0.8308308308308309,0.559676331759946,0.6965869343528794
8,GNN,lcpo,8,DDD,2013B,full,0.787092945627179,0.87666884054293,0.7498375568551007,0.7734584450402144,0.7276166456494325,0.6981220483149123
8,GNN,lcpo,8,DDD,2013B,full,0.7685656355858863,0.8578129884309462,0.7661085743277524,0.6409168081494058,0.9520807061790668,0.5613344707365923
8,GNN,lcpo,8,DDD,2013B,full,0.80126845189526,0.8838193464008116,0.7690643591130341,0.6732954545454546,0.8965952080706179,0.6100623099176619
8,GNN,lcpo,8,DDD,2013B,full,0.7962614049402863,0.8810237734177716,0.7678132678132679,0.7485029940119761,0.7881462799495587,0.6881907870336028
8,GNN,lcpo,8,DDD,2013B,full,0.7154773384763742,0.8335602954320028,0.7584541062801933,0.6147220046985121,0.9899117276166456,0.5126029226318523
8,GNN,lcpo,9,DDD,2013J,full,0.845503017856968,0.8941258885848767,0.7428571428571429,0.8988476312419974,0.6330027051397655,0.7688535841742253
8,GNN,lcpo,9,DDD,2013J,full,0.8362248344230395,0.8881526380087121,0.7720588235294118,0.7872539831302718,0.757439134355275,0.7418076250787231
8,GNN,lcpo,9,DDD,2013J,full,0.840249368855107,0.8884843972321506,0.7649903288201161,0.8248175182481752,0.7132551848512173,0.755300692546236
8,GNN,lcpo,9,DDD,2013J,full,0.8422170398787854,0.8919985432349232,0.7391076115485564,0.8844221105527639,0.6348061316501352,0.7619145254149349
8,GNN,lcpo,9,DDD,2013J,full,0.8436473811701823,0.8931323237705884,0.7374537770734284,0.8903061224489796,0.6293958521190262,0.7628282035022151
8,GNN,lcpo,10,DDD,2014B,full,0.837762806915832,0.9000148108373764,0.7639097744360902,0.8743545611015491,0.678237650200267,0.7629184075635991
8,GNN,lcpo,10,DDD,2014B,full,0.8402546471147334,0.9008970865893952,0.7892190739460954,0.8180515759312321,0.7623497997329773,0.7486070501796411
8,GNN,lcpo,10,DDD,2014B,full,0.842163943016576,0.903119915105746,0.7963085036255768,0.7864583333333334,0.8064085447263017,0.7320142932399776
8,GNN,lcpo,10,DDD,2014B,full,0.8376513151843378,0.899760805646068,0.7932885906040269,0.7975708502024291,0.7890520694259012,0.737949834295414
8,GNN,lcpo,10,DDD,2014B,full,0.8429527470168993,0.9041416399028726,0.7822878228782287,0.8745874587458746,0.7076101468624834,0.7744731318863565
8,GNN,lcpo,11,DDD,2014J,full,0.783927304698818,0.8608757822608645,0.7161572052401747,0.7990255785627284,0.6488625123639961,0.7202645895153313
8,GNN,lcpo,11,DDD,2014J,full,0.7670922878638012,0.8505395013141438,0.6985539488320356,0.7979669631512071,0.6211671612265084,0.7102047927344664
8,GNN,lcpo,11,DDD,2014J,full,0.7998880995913636,0.8697695913956126,0.6430910281597905,0.9515503875968992,0.4856577645895153,0.7270460540119293
8,GNN,lcpo,11,DDD,2014J,full,0.7873255302780526,0.8636185652854422,0.6892792247122955,0.8890625,0.5628090999010881,0.7365813176273117
8,GNN,lcpo,11,DDD,2014J,full,0.7813520966339957,0.858880944438557,0.6847498493068114,0.8765432098765432,0.5618199802176064,0.7304049396037526
8,GNN,lcpo,12,EEE,2013J,full,0.8147093818456783,0.8276111562216648,0.6935483870967742,0.8571428571428571,0.582392776523702,0.755892611578764
8,GNN,lcpo,12,EEE,2013J,full,0.8195428245245324,0.8283103331422565,0.6850393700787402,0.8181818181818182,0.5891647855530474,0.7469633451574761
8,GNN,lcpo,12,EEE,2013J,full,0.7886258418678439,0.8111215096736032,0.6901960784313725,0.8198757763975155,0.5959367945823928,0.7503493496721487
8,GNN,lcpo,12,EEE,2013J,full,0.82460237150048,0.8329832957658475,0.7049808429118773,0.8117647058823529,0.6230248306997742,0.7589672593564553
8,GNN,lcpo,12,EEE,2013J,full,0.7723055595710691,0.8047445124983292,0.7022696929238985,0.8594771241830066,0.5936794582392777,0.7615359524365518
8,GNN,lcpo,13,EEE,2014B,full,0.7728266380736271,0.8144984481644606,0.6493955094991365,0.7768595041322314,0.5578635014836796,0.7033014986409994
8,GNN,lcpo,13,EEE,2014B,full,0.7588293477628439,0.8107870607277229,0.6480446927374302,0.87,0.516320474777448,0.7217456715623936
8,GNN,lcpo,13,EEE,2014B,full,0.7596688527042865,0.8090826304237184,0.643510054844607,0.8380952380952381,0.5222551928783383,0.7135085488201216
8,GNN,lcpo,13,EEE,2014B,full,0.7889185347729597,0.8269526860076739,0.6570397111913358,0.8387096774193549,0.5400593471810089,0.7210100657473673
8,GNN,lcpo,13,EEE,2014B,full,0.7657698094074425,0.8103385999567361,0.6078431372549019,0.8959537572254336,0.4599406528189911,0.7047602423758821
8,GNN,lcpo,14,EEE,2014J,full,0.7550850505894366,0.7865741477090485,0.642512077294686,0.8209876543209876,0.5277777777777778,0.7214912280701755
8,GNN,lcpo,14,EEE,2014J,full,0.7736383783532907,0.8011078744685927,0.6550868486352357,0.8741721854304636,0.5238095238095238,0.7341269841269842
8,GNN,lcpo,14,EEE,2014J,full,0.7806698459110739,0.8066707835859541,0.6526867627785059,0.9613899613899614,0.494047619047619,0.7397138680033417
8,GNN,lcpo,14,EEE,2014J,full,0.7946631625359696,0.8190366053242084,0.6516556291390728,0.9800796812749004,0.4880952380952381,0.7403926482873852
8,GNN,lcpo,14,EEE,2014J,full,0.7640890420495684,0.7956916847539335,0.6747519294377067,0.7593052109181141,0.6071428571428571,0.7326649958228906
8,GNN,lcpo,15,FFF,2013B,full,0.8134375614794412,0.8601365237536099,0.7392290249433107,0.6995708154506438,0.7836538461538461,0.7127987900845957
8,GNN,lcpo,15,FFF,2013B,full,0.8128258410387567,0.8616367414644843,0.7305327868852459,0.6366071428571428,0.8569711538461539,0.6682553978949439
8,GNN,lcpo,15,FFF,2013B,full,0.814822385894157,0.8608803733053426,0.7291242362525459,0.6325088339222615,0.8605769230769231,0.6643038068070037
8,GNN,lcpo,15,FFF,2013B,full,0.8052362040133779,0.8559297651642772,0.7242757242757243,0.6196581196581197,0.8713942307692307,0.6511702611646665
8,GNN,lcpo,15,FFF,2013B,full,0.8040542617548692,0.8559370200414742,0.7001779359430605,0.5557909604519774,0.9459134615384616,0.5707828177257526
8,GNN,lcpo,16,FFF,2013J,full,0.8600671863228941,0.8958831802011746,0.7524850894632207,0.9186893203883496,0.6372053872053872,0.7880090862967575
8,GNN,lcpo,16,FFF,2013J,full,0.8636417446919729,0.8950678507317882,0.7808219178082192,0.794425087108014,0.7676767676767676,0.7760758267607583
8,GNN,lcpo,16,FFF,2013J,full,0.8652176252632874,0.8984627232533354,0.7770582793709528,0.8624229979466119,0.7070707070707071,0.7923481389234814
8,GNN,lcpo,16,FFF,2013J,full,0.8726504005042818,0.901640088221292,0.7603864734299517,0.8922902494331065,0.6624579124579124,0.7878499607951662
8,GNN,lcpo,16,FFF,2013J,full,0.8631082514644158,0.8956398984953383,0.773354355538037,0.7272053372868792,0.8257575757575758,0.7448422581984226
8,GNN,lcpo,17,FFF,2014B,full,0.8422329219713567,0.8946958329091323,0.7692307692307693,0.8243243243243243,0.7210401891252955,0.7611317153577548
8,GNN,lcpo,17,FFF,2014B,full,0.8463393121796403,0.8969400005654781,0.7862068965517242,0.7651006711409396,0.8085106382978723,0.7437048604333398
8,GNN,lcpo,17,FFF,2014B,full,0.8468001966440382,0.8980903086563459,0.7799410029498525,0.7785630153121319,0.7813238770685579,0.7469310516841261
8,GNN,lcpo,17,FFF,2014B,full,0.8485208319777908,0.8986598340717307,0.7312280701754386,0.8998272884283247,0.6158392434988179,0.763577114104149
8,GNN,lcpo,17,FFF,2014B,full,0.8542918284280767,0.9032802300775366,0.7249097472924187,0.9313543599257884,0.5933806146572104,0.7684028455549049
8,GNN,lcpo,18,FFF,2014J,full,0.8735315806992172,0.9077168326933716,0.7899159663865546,0.8815399802566634,0.7155448717948718,0.8040571270344099
8,GNN,lcpo,18,FFF,2014J,full,0.8804533090007576,0.9133952346243668,0.7811634349030471,0.9215686274509804,0.6778846153846154,0.8067131223744921
8,GNN,lcpo,18,FFF,2014J,full,0.8596142368523747,0.8996816791511941,0.7863924050632911,0.7765625,0.7964743589743589,0.7702156933636343
8,GNN,lcpo,18,FFF,2014J,full,0.8731657312398136,0.9073402000643688,0.7827664399092971,0.9017763845350052,0.6915064102564102,0.8036762131855015
8,GNN,lcpo,18,FFF,2014J,full,0.8839425085508344,0.9153810498478848,0.7643129770992366,0.9445754716981132,0.6418269230769231,0.7998749655671098
8,GNN,lcpo,19,GGG,2013J,full,0.6621527777777778,0.5418016624905682,0.5245033112582781,0.5012658227848101,0.55,0.6086148648648648
8,GNN,lcpo,19,GGG,2013J,full,0.6703922672672673,0.5331065820430382,0.5724137931034483,0.415,0.9222222222222224,0.5658408408408409
8,GNN,lcpo,19,GGG,2013J,full,0.6584787912912913,0.53367193865223,0.5724976613657624,0.4315937940761636,0.85,0.5846283783783783
8,GNN,lcpo,19,GGG,2013J,full,0.6775478603603604,0.5395282401422926,0.3992395437262357,0.6325301204819277,0.2916666666666667,0.5943130630630631
8,GNN,lcpo,19,GGG,2013J,full,0.6591732357357358,0.5192362327137572,0.5571095571095571,0.4799196787148594,0.6638888888888889,0.6131944444444444
8,GNN,lcpo,20,GGG,2014B,full,0.6622458600978254,0.5909397109889261,0.6011854360711262,0.4297820823244552,1.0,0.5073221757322176
8,GNN,lcpo,20,GGG,2014B,full,0.6722788614532382,0.6144323486446601,0.6011854360711262,0.4297820823244552,1.0,0.5073221757322176
8,GNN,lcpo,20,GGG,2014B,full,0.6996405209499675,0.6560905382608981,0.6043533930857875,0.5539906103286385,0.6647887323943662,0.6336495963227061
8,GNN,lcpo,20,GGG,2014B,full,0.6860097825446403,0.6286448484807463,0.628310502283105,0.4648648648648649,0.9690140845070424,0.570281100830927
8,GNN,lcpo,20,GGG,2014B,full,0.6639813778065885,0.6116072023398038,0.6121739130434782,0.4427672955974843,0.991549295774648,0.5323855265484119
8,GNN,lcpo,21,GGG,2014J,full,0.6779870033968394,0.6325479789249946,0.5806451612903226,0.4192139737991266,0.9442622950819672,0.5228068232166593
8,GNN,lcpo,21,GGG,2014J,full,0.6541057450893517,0.6285690214086588,0.5710059171597633,0.5202156334231806,0.6327868852459017,0.6159429921725004
8,GNN,lcpo,21,GGG,2014J,full,0.6514621178555604,0.6195095790518491,0.5579119086460033,0.5551948051948052,0.5606557377049181,0.6260485895731798
8,GNN,lcpo,21,GGG,2014J,full,0.6632255206025698,0.6324685175589733,0.5853107344632769,0.446551724137931,0.8491803278688524,0.5631036774479398
8,GNN,lcpo,21,GGG,2014J,full,0.6551838723969872,0.6183229511512467,0.5415986949429038,0.538961038961039,0.5442622950819672,0.6122212376310737
8,LightGBM,lcpo,0,AAA,2013J,full,0.6709832134292566,0.503550546944413,0.46923076923076923,0.3935483870967742,0.580952380952381,0.6214114422747516
8,LightGBM,lcpo,1,AAA,2014J,full,0.7035573122529645,0.5861759808398245,0.5,0.3576923076923077,0.8303571428571429,0.5851390457368718
8,LightGBM,lcpo,2,BBB,2013B,full,0.784380926298166,0.8453644250134684,0.7325942350332594,0.6398140975987606,0.8568464730290456,0.6388840086191305
8,LightGBM,lcpo,3,BBB,2013J,full,0.8059549356223176,0.8464468222604444,0.7178299702282501,0.5839612486544672,0.9313304721030042,0.6051241912753828
8,LightGBM,lcpo,4,BBB,2014B,full,0.8170595011504033,0.8753068238715447,0.7275847275847276,0.5868512110726644,0.9571106094808126,0.5679638329384806
8,LightGBM,lcpo,5,BBB,2014J,full,0.7897002162524367,0.822970861018445,0.6838790931989924,0.5333988212180747,0.9526315789473684,0.5639894005847953
8,LightGBM,lcpo,6,CCC,2014B,full,0.809507475719758,0.899366427787453,0.8099344601586754,0.7220172201722017,0.9222309505106049,0.6202406637922557
8,LightGBM,lcpo,7,CCC,2014J,full,0.7750020760739945,0.8439036466589731,0.7708451503119682,0.6651982378854625,0.916385704652731,0.6212470395184837
8,LightGBM,lcpo,8,DDD,2013B,full,0.7760613703236654,0.8642471938275949,0.7534246575342466,0.7441574415744158,0.7629255989911727,0.6775412308681354
8,LightGBM,lcpo,9,DDD,2013J,full,0.7886972582043397,0.8470579081169334,0.764063132335087,0.6930983847283406,0.8512173128944995,0.6734976793664296
8,LightGBM,lcpo,10,DDD,2014B,full,0.7950266325873607,0.8700126394695323,0.7800687285223368,0.683049147442327,0.9092122830440588,0.6247522793090857
8,LightGBM,lcpo,11,DDD,2014J,full,0.7914044000839253,0.842722309561434,0.7550266721378744,0.6451612903225806,0.9099901088031652,0.6355506099571382
8,LightGBM,lcpo,12,EEE,2013J,full,0.8101354031143086,0.8112298458145528,0.6565910999160369,0.5227272727272727,0.8826185101580135,0.6482058068031447
8,LightGBM,lcpo,13,EEE,2014B,full,0.830474029374361,0.8544462307957285,0.6869747899159664,0.5317073170731708,0.9703264094955489,0.5818018602099594
8,LightGBM,lcpo,14,EEE,2014J,full,0.8356176900584795,0.8326533302476584,0.6916192026037429,0.5862068965517241,0.8432539682539683,0.7023287385129491
8,LightGBM,lcpo,15,FFF,2013B,full,0.7784327046035806,0.8193480654136245,0.6254653760238272,0.821917808219178,0.5048076923076923,0.6942197029313397
8,LightGBM,lcpo,16,FFF,2013J,full,0.8033404824500714,0.8420188842788427,0.716696269982238,0.7584586466165414,0.6792929292929293,0.7222948664729487
8,LightGBM,lcpo,17,FFF,2014B,full,0.8030794311782015,0.8560863878872325,0.741011578305911,0.7647798742138365,0.7186761229314421,0.7163717006094519
8,LightGBM,lcpo,18,FFF,2014J,full,0.8413859668755596,0.8786983564194253,0.7645631067961165,0.7720588235294118,0.7572115384615384,0.7537176761242339
8,LightGBM,lcpo,19,GGG,2013J,full,0.6352876313813813,0.5421015569408061,0.5488086087624904,0.3793836344314559,0.9916666666666667,0.5025900900900901
8,LightGBM,lcpo,20,GGG,2014B,full,0.6998438328717073,0.6631938081623325,0.6035805626598465,0.43276283618581907,0.9971830985915493,0.5132359007602098
8,LightGBM,lcpo,21,GGG,2014J,full,0.7037808300103381,0.6447865473542842,0.5866408518877058,0.41620879120879123,0.9934426229508196,0.5181177078718062
