week,fold_idx,held_out_module,held_out_presentation,model_seed,n_train,n_test,best_val_auroc,best_epoch,auroc,auprc,f1,precision,recall,balanced_acc,pipeline_version,condition
8,0,AAA,2013J,42,29021,383,0.8487956012921598,199,0.6525179856115109,0.5155537454750188,0.4157303370786517,0.5068493150684932,0.3523809523809524,0.6114422747516273,v2_corrected,
8,0,AAA,2013J,123,29021,383,0.843678632424693,199,0.7266187050359713,0.5878835510028434,0.4429530201342282,0.75,0.3142857142857143,0.6373586844809866,v2_corrected,
8,0,AAA,2013J,7,29021,383,0.8450544119213186,187,0.7747858855772525,0.6457089509636189,0.4571428571428571,0.9142857142857144,0.3047619047619048,0.6469852689277149,v2_corrected,
8,0,AAA,2013J,17,29021,383,0.8462298198628164,166,0.7265159301130525,0.5905397984318237,0.4081632653061224,0.7142857142857143,0.2857142857142857,0.6212744090441933,v2_corrected,
8,0,AAA,2013J,99,29021,383,0.8412315750860848,189,0.7412127440904419,0.5922220440527943,0.4415584415584415,0.6938775510204082,0.3238095238095238,0.6349263446385749,v2_corrected,
8,1,AAA,2014J,42,29008,365,0.8282729423561068,198,0.7579757199322417,0.6641592815309558,0.5507246376811594,0.6,0.5089285714285714,0.6793654714850367,v2_corrected,
8,1,AAA,2014J,123,29008,365,0.8319827438140318,197,0.7609048560135516,0.6841201067237774,0.5882352941176471,0.7333333333333333,0.4910714285714285,0.7060100225861096,v2_corrected,
8,1,AAA,2014J,7,29008,365,0.8344128765313086,199,0.7530702992659515,0.651407516983414,0.5306122448979592,0.6190476190476191,0.4642857142857143,0.6689017504234895,v2_corrected,
8,1,AAA,2014J,17,29008,365,0.834451947433003,194,0.7513410502540938,0.6638109707880492,0.5560975609756098,0.6129032258064516,0.5089285714285714,0.6833180406549972,v2_corrected,
8,1,AAA,2014J,99,29008,365,0.8327958827780106,199,0.7738212874082439,0.6835940547083738,0.5423728813559322,0.7384615384615385,0.4285714285714285,0.6806888763410502,v2_corrected,
8,2,BBB,2013B,42,27754,1767,0.8455675962474114,194,0.8238594378962707,0.8818100138156371,0.7395033860045147,0.6546762589928058,0.8495850622406639,0.6558012484304191,v2_corrected,
8,2,BBB,2013B,123,27754,1767,0.8443324195380022,194,0.8176250368173292,0.879020993249881,0.7497446373850868,0.738430583501006,0.7614107883817427,0.7188124925719424,v2_corrected,
8,2,BBB,2013B,7,27754,1767,0.844770666872033,198,0.7970215426590121,0.8680831844936935,0.7253886010362695,0.6643658326143227,0.7987551867219918,0.657160905938829,v2_corrected,
8,2,BBB,2013B,17,27754,1767,0.8479779565845811,199,0.8336786841874092,0.8872861734063191,0.766951566951567,0.8508217446270544,0.6981327800829875,0.7755919193067491,v2_corrected,
8,2,BBB,2013B,99,27754,1767,0.8452459312138898,199,0.8428171328472585,0.8900898711081476,0.7610405323653963,0.9129172714078374,0.6524896265560166,0.7888849129044093,v2_corrected,
8,3,BBB,2013J,42,27326,2237,0.8347560375175402,131,0.8419295688937288,0.8853787662790737,0.7546628407460545,0.8520518358531317,0.6772532188841202,0.7747273557107168,v2_corrected,
8,3,BBB,2013J,123,27326,2237,0.8279012966551432,112,0.8470909935302031,0.8897354971964548,0.7186659494351803,0.962536023054755,0.5733905579399141,0.7745684132983153,v2_corrected,
8,3,BBB,2013J,7,27326,2237,0.8331686284715505,195,0.844499871885209,0.8904756762139423,0.708764289602613,0.96875,0.5587982832618026,0.7696043655114984,v2_corrected,
8,3,BBB,2013J,17,27326,2237,0.832714078221328,139,0.813336749727756,0.8688239626844021,0.7406380027739251,0.8026052104208417,0.6875536480686695,0.7518924956761257,v2_corrected,
8,3,BBB,2013J,99,27326,2237,0.8305736476910253,164,0.8336941899942347,0.8808906233383713,0.6984649122807017,0.9666160849772384,0.5467811158798284,0.7631293639100634,v2_corrected,
8,4,BBB,2014B,42,27897,1613,0.8301619612728847,122,0.8538863755623933,0.9046877168809048,0.7652060170045781,0.9097978227060654,0.6602708803611738,0.7902454814460614,v2_corrected,
8,4,BBB,2014B,123,27897,1613,0.826483096479929,199,0.851796709319042,0.9042547211738012,0.7428571428571429,0.970856102003643,0.6015801354401806,0.789785941172635,v2_corrected,
8,4,BBB,2014B,7,27897,1613,0.8309588867538062,199,0.8470507139951747,0.9015788788740046,0.74949358541526,0.9327731092436976,0.626410835214447,0.7856951012385852,v2_corrected,
8,4,BBB,2014B,17,27897,1613,0.8338002829571131,199,0.8408158702854428,0.89687795014377,0.7650145772594752,0.7913148371531966,0.7404063205417607,0.75122104197652,v2_corrected,
8,4,BBB,2014B,99,27897,1613,0.8300867875921194,196,0.8564992346170446,0.9054207405022876,0.7723270440251573,0.8721590909090909,0.6930022573363431,0.7846029168387355,v2_corrected,
8,5,BBB,2014J,42,27281,2292,0.8356326633628434,199,0.8497791788499025,0.8883563351155546,0.7837969741337237,0.8833883388338833,0.7043859649122807,0.8061860380116959,v2_corrected,
8,5,BBB,2014J,123,27281,2292,0.8373227491180677,190,0.8511939571150098,0.8903651667393849,0.783609576427256,0.8246124031007752,0.7464912280701754,0.7946865862573099,v2_corrected,
8,5,BBB,2014J,7,27281,2292,0.835891219614685,197,0.8589303118908381,0.8939416644969709,0.7760791366906474,0.7961254612546126,0.7570175438596491,0.7825886330409357,v2_corrected,
8,5,BBB,2014J,17,27281,2292,0.8414129592621941,199,0.8607478983918128,0.8959230669539708,0.7874564459930313,0.9102416570771,0.6938596491228071,0.8130756578947369,v2_corrected,
8,5,BBB,2014J,99,27281,2292,0.8384102710700221,198,0.8484748111598441,0.8874432682790185,0.7352380952380952,0.6498316498316499,0.8464912280701754,0.6975511695906433,v2_corrected,
8,6,CCC,2014B,42,27578,1936,0.839986420717622,193,0.754098049879206,0.8733241206561224,0.5980911983032874,0.9200652528548124,0.4430479183032207,0.6845707163160146,v2_corrected,
8,6,CCC,2014B,123,27578,1936,0.8387295338399776,115,0.7631407146216997,0.8773356697021054,0.6325910931174089,0.8890469416785206,0.4909662215239591,0.6866595813502149,v2_corrected,
8,6,CCC,2014B,7,27578,1936,0.841576870913955,199,0.7715494923572185,0.8847516757056364,0.6480162767039674,0.9191919191919192,0.5003927729772192,0.7079641089622144,v2_corrected,
8,6,CCC,2014B,17,27578,1936,0.838196424404152,193,0.7612035085349627,0.8779956027213176,0.5831062670299727,0.9519572953736656,0.420267085624509,0.6897715518620283,v2_corrected,
8,6,CCC,2014B,99,27578,1936,0.8373128409617447,108,0.7459392724398963,0.8674657457709146,0.6148300720906282,0.8923766816143498,0.4689709347996857,0.6801868248659062,v2_corrected,
8,7,CCC,2014J,42,27086,2498,0.844526010833937,152,0.7438250915963847,0.8311809641562091,0.5572413793103448,0.8757225433526011,0.4086311530681052,0.6619510445143482,v2_corrected,
8,7,CCC,2014J,123,27086,2498,0.8457731177407045,168,0.7569897259250156,0.8443750405385217,0.559322033898305,0.9266770670826832,0.4005394470667566,0.6771170141737723,v2_corrected,
8,7,CCC,2014J,7,27086,2498,0.842866521930842,134,0.7575079139940675,0.8424725813101765,0.6511056511056511,0.8289885297184567,0.5360755225893459,0.6872495839547714,v2_corrected,
8,7,CCC,2014J,17,27086,2498,0.8449377287690786,192,0.7555962650598407,0.8387078673313617,0.5926916221033868,0.873850197109067,0.4484153742414025,0.6769170467266126,v2_corrected,
8,7,CCC,2014J,99,27086,2498,0.8436259865735682,173,0.7569950406744417,0.8429066670991243,0.6688154713940371,0.8308308308308309,0.559676331759946,0.6965869343528794,v2_corrected,
8,8,DDD,2013B,42,28191,1303,0.8390446356693264,194,0.787092945627179,0.87666884054293,0.7498375568551007,0.7734584450402144,0.7276166456494325,0.6981220483149123,v2_corrected,
8,8,DDD,2013B,123,28191,1303,0.8372904509449781,197,0.7685656355858863,0.8578129884309462,0.7661085743277524,0.6409168081494058,0.9520807061790668,0.5613344707365923,v2_corrected,
8,8,DDD,2013B,7,28191,1303,0.8397654135087449,198,0.80126845189526,0.8838193464008116,0.7690643591130341,0.6732954545454546,0.8965952080706179,0.6100623099176619,v2_corrected,
8,8,DDD,2013B,17,28191,1303,0.8429482232909683,198,0.7962614049402863,0.8810237734177716,0.7678132678132679,0.7485029940119761,0.7881462799495587,0.6881907870336028,v2_corrected,
8,8,DDD,2013B,99,28191,1303,0.8426977446494341,199,0.7154773384763742,0.8335602954320028,0.7584541062801933,0.6147220046985121,0.9899117276166456,0.5126029226318523,v2_corrected,
8,9,DDD,2013J,42,27594,1938,0.83405151887232,162,0.845503017856968,0.8941258885848767,0.7428571428571429,0.8988476312419974,0.6330027051397655,0.7688535841742253,v2_corrected,
8,9,DDD,2013J,123,27594,1938,0.8370825707438498,199,0.8362248344230395,0.8881526380087121,0.7720588235294118,0.7872539831302718,0.757439134355275,0.7418076250787231,v2_corrected,
8,9,DDD,2013J,7,27594,1938,0.8369075291071075,198,0.840249368855107,0.8884843972321506,0.7649903288201161,0.8248175182481752,0.7132551848512173,0.755300692546236,v2_corrected,
8,9,DDD,2013J,17,27594,1938,0.837294508411866,139,0.8422170398787854,0.8919985432349232,0.7391076115485564,0.8844221105527639,0.6348061316501352,0.7619145254149349,v2_corrected,
8,9,DDD,2013J,99,27594,1938,0.8371357696726636,167,0.8436473811701823,0.8931323237705884,0.7374537770734284,0.8903061224489796,0.6293958521190262,0.7628282035022151,v2_corrected,
8,10,DDD,2014B,42,28247,1228,0.8270753860127157,124,0.837762806915832,0.9000148108373764,0.7639097744360902,0.8743545611015491,0.678237650200267,0.7629184075635991,v2_corrected,
8,10,DDD,2014B,123,28247,1228,0.8298117413921229,106,0.8402546471147334,0.9008970865893952,0.7892190739460954,0.8180515759312321,0.7623497997329773,0.7486070501796411,v2_corrected,
8,10,DDD,2014B,7,28247,1228,0.8296519692841219,194,0.842163943016576,0.903119915105746,0.7963085036255768,0.7864583333333334,0.8064085447263017,0.7320142932399776,v2_corrected,
8,10,DDD,2014B,17,28247,1228,0.8289763438196681,195,0.8376513151843378,0.899760805646068,0.7932885906040269,0.7975708502024291,0.7890520694259012,0.737949834295414,v2_corrected,
8,10,DDD,2014B,99,28247,1228,0.8298233011312031,188,0.8429527470168993,0.9041416399028726,0.7822878228782287,0.8745874587458746,0.7076101468624834,0.7744731318863565,v2_corrected,
8,11,DDD,2014J,42,27716,1803,0.8425919790965866,115,0.783927304698818,0.8608757822608645,0.7161572052401747,0.7990255785627284,0.6488625123639961,0.7202645895153313,v2_corrected,
8,11,DDD,2014J,123,27716,1803,0.8418176999449551,196,0.7670922878638012,0.8505395013141438,0.6985539488320356,0.7979669631512071,0.6211671612265084,0.7102047927344664,v2_corrected,
8,11,DDD,2014J,7,27716,1803,0.842896509075588,170,0.7998880995913636,0.8697695913956126,0.6430910281597905,0.9515503875968992,0.4856577645895153,0.7270460540119293,v2_corrected,
8,11,DDD,2014J,17,27716,1803,0.8405583814125435,198,0.7873255302780526,0.8636185652854422,0.6892792247122955,0.8890625,0.5628090999010881,0.7365813176273117,v2_corrected,
8,11,DDD,2014J,99,27716,1803,0.8422224657329446,177,0.7813520966339957,0.858880944438557,0.6847498493068114,0.8765432098765432,0.5618199802176064,0.7304049396037526,v2_corrected,
8,12,EEE,2013J,42,28414,1052,0.8423368961179023,197,0.8147093818456783,0.8276111562216648,0.6935483870967742,0.8571428571428571,0.582392776523702,0.755892611578764,v2_corrected,
8,12,EEE,2013J,123,28414,1052,0.8440839595600744,190,0.8195428245245324,0.8283103331422565,0.6850393700787402,0.8181818181818182,0.5891647855530474,0.7469633451574761,v2_corrected,
8,12,EEE,2013J,7,28414,1052,0.8387228929162571,199,0.7886258418678439,0.8111215096736032,0.6901960784313725,0.8198757763975155,0.5959367945823928,0.7503493496721487,v2_corrected,
8,12,EEE,2013J,17,28414,1052,0.8413247445316214,198,0.82460237150048,0.8329832957658475,0.7049808429118773,0.8117647058823529,0.6230248306997742,0.7589672593564553,v2_corrected,
8,12,EEE,2013J,99,28414,1052,0.8435912720154299,199,0.7723055595710691,0.8047445124983292,0.7022696929238985,0.8594771241830066,0.5936794582392777,0.7615359524365518,v2_corrected,
8,13,EEE,2014B,42,28692,694,0.8466024894596323,126,0.7728266380736271,0.8144984481644606,0.6493955094991365,0.7768595041322314,0.5578635014836796,0.7033014986409994,v2_corrected,
8,13,EEE,2014B,123,28692,694,0.8481621338764196,154,0.7588293477628439,0.8107870607277229,0.6480446927374302,0.87,0.516320474777448,0.7217456715623936,v2_corrected,
8,13,EEE,2014B,7,28692,694,0.8511368511368511,196,0.7596688527042865,0.8090826304237184,0.643510054844607,0.8380952380952381,0.5222551928783383,0.7135085488201216,v2_corrected,
8,13,EEE,2014B,17,28692,694,0.8495074745074744,197,0.7889185347729597,0.8269526860076739,0.6570397111913358,0.8387096774193549,0.5400593471810089,0.7210100657473673,v2_corrected,
8,13,EEE,2014B,99,28692,694,0.8501716001716002,193,0.7657698094074425,0.8103385999567361,0.6078431372549019,0.8959537572254336,0.4599406528189911,0.7047602423758821,v2_corrected,
8,14,EEE,2014J,42,28283,1188,0.844904007677901,171,0.7550850505894366,0.7865741477090485,0.642512077294686,0.8209876543209876,0.5277777777777778,0.7214912280701755,v2_corrected,
8,14,EEE,2014J,123,28283,1188,0.8396924715244156,176,0.7736383783532907,0.8011078744685927,0.6550868486352357,0.8741721854304636,0.5238095238095238,0.7341269841269842,v2_corrected,
8,14,EEE,2014J,7,28283,1188,0.8451638421015079,195,0.7806698459110739,0.8066707835859541,0.6526867627785059,0.9613899613899614,0.494047619047619,0.7397138680033417,v2_corrected,
8,14,EEE,2014J,17,28283,1188,0.8408773989831813,199,0.7946631625359696,0.8190366053242084,0.6516556291390728,0.9800796812749004,0.4880952380952381,0.7403926482873852,v2_corrected,
8,14,EEE,2014J,99,28283,1188,0.8445390021780723,199,0.7640890420495684,0.7956916847539335,0.6747519294377067,0.7593052109181141,0.6071428571428571,0.7326649958228906,v2_corrected,
8,15,FFF,2013B,42,27849,1614,0.8322621622154589,199,0.8134375614794412,0.8601365237536099,0.7392290249433107,0.6995708154506438,0.7836538461538461,0.7127987900845957,v2_corrected,
8,15,FFF,2013B,123,27849,1614,0.8328903214992343,198,0.8128258410387567,0.8616367414644843,0.7305327868852459,0.6366071428571428,0.8569711538461539,0.6682553978949439,v2_corrected,
8,15,FFF,2013B,7,27849,1614,0.8382816454240096,198,0.814822385894157,0.8608803733053426,0.7291242362525459,0.6325088339222615,0.8605769230769231,0.6643038068070037,v2_corrected,
8,15,FFF,2013B,17,27849,1614,0.8374710775581571,199,0.8052362040133779,0.8559297651642772,0.7242757242757243,0.6196581196581197,0.8713942307692307,0.6511702611646665,v2_corrected,
8,15,FFF,2013B,99,27849,1614,0.8385328680545057,197,0.8040542617548692,0.8559370200414742,0.7001779359430605,0.5557909604519774,0.9459134615384616,0.5707828177257526,v2_corrected,
8,16,FFF,2013J,42,27299,2283,0.8320028178737237,199,0.8600671863228941,0.8958831802011746,0.7524850894632207,0.9186893203883496,0.6372053872053872,0.7880090862967575,v2_corrected,
8,16,FFF,2013J,123,27299,2283,0.8295897045205156,199,0.8636417446919729,0.8950678507317882,0.7808219178082192,0.794425087108014,0.7676767676767676,0.7760758267607583,v2_corrected,
8,16,FFF,2013J,7,27299,2283,0.8355000004413963,198,0.8652176252632874,0.8984627232533354,0.7770582793709528,0.8624229979466119,0.7070707070707071,0.7923481389234814,v2_corrected,
8,16,FFF,2013J,17,27299,2283,0.8338266672198833,199,0.8726504005042818,0.901640088221292,0.7603864734299517,0.8922902494331065,0.6624579124579124,0.7878499607951662,v2_corrected,
8,16,FFF,2013J,99,27299,2283,0.834910736434348,199,0.8631082514644158,0.8956398984953383,0.773354355538037,0.7272053372868792,0.8257575757575758,0.7448422581984226,v2_corrected,
8,17,FFF,2014B,42,27964,1500,0.8359036415711948,199,0.8422329219713567,0.8946958329091323,0.7692307692307693,0.8243243243243243,0.7210401891252955,0.7611317153577548,v2_corrected,
8,17,FFF,2014B,123,27964,1500,0.8364165302782325,198,0.8463393121796403,0.8969400005654781,0.7862068965517242,0.7651006711409396,0.8085106382978723,0.7437048604333398,v2_corrected,
8,17,FFF,2014B,7,27964,1500,0.8335380523731588,199,0.8468001966440382,0.8980903086563459,0.7799410029498525,0.7785630153121319,0.7813238770685579,0.7469310516841261,v2_corrected,
8,17,FFF,2014B,17,27964,1500,0.8339005728314239,142,0.8485208319777908,0.8986598340717307,0.7312280701754386,0.8998272884283247,0.6158392434988179,0.763577114104149,v2_corrected,
8,17,FFF,2014B,99,27964,1500,0.8342217675941082,199,0.8542918284280767,0.9032802300775366,0.7249097472924187,0.9313543599257884,0.5933806146572104,0.7684028455549049,v2_corrected,
8,18,FFF,2014J,42,27194,2365,0.828409494837155,164,0.8735315806992172,0.9077168326933716,0.7899159663865546,0.8815399802566634,0.7155448717948718,0.8040571270344099,v2_corrected,
8,18,FFF,2014J,123,27194,2365,0.8317429372062848,198,0.8804533090007576,0.9133952346243668,0.7811634349030471,0.9215686274509804,0.6778846153846154,0.8067131223744921,v2_corrected,
8,18,FFF,2014J,7,27194,2365,0.8251802906894332,197,0.8596142368523747,0.8996816791511941,0.7863924050632911,0.7765625,0.7964743589743589,0.7702156933636343,v2_corrected,
8,18,FFF,2014J,17,27194,2365,0.8319797629561785,199,0.8731657312398136,0.9073402000643688,0.7827664399092971,0.9017763845350052,0.6915064102564102,0.8036762131855015,v2_corrected,
8,18,FFF,2014J,99,27194,2365,0.8290896601354225,198,0.8839425085508344,0.9153810498478848,0.7643129770992366,0.9445754716981132,0.6418269230769231,0.7998749655671098,v2_corrected,
8,19,GGG,2013J,42,28489,952,0.8378971695470012,195,0.6621527777777778,0.5418016624905682,0.5245033112582781,0.5012658227848101,0.55,0.6086148648648648,v2_corrected,
8,19,GGG,2013J,123,28489,952,0.8365254274345184,180,0.6703922672672673,0.5331065820430382,0.5724137931034483,0.415,0.9222222222222224,0.5658408408408409,v2_corrected,
8,19,GGG,2013J,7,28489,952,0.8388328531426175,198,0.6584787912912913,0.53367193865223,0.5724976613657624,0.4315937940761636,0.85,0.5846283783783783,v2_corrected,
8,19,GGG,2013J,17,28489,952,0.8431428279913129,198,0.6775478603603604,0.5395282401422926,0.3992395437262357,0.6325301204819277,0.2916666666666667,0.5943130630630631,v2_corrected,
8,19,GGG,2013J,99,28489,952,0.8395162949035003,199,0.6591732357357358,0.5192362327137572,0.5571095571095571,0.4799196787148594,0.6638888888888889,0.6131944444444444,v2_corrected,
8,20,GGG,2014B,42,28594,833,0.8409557556031427,199,0.6622458600978254,0.5909397109889261,0.6011854360711262,0.4297820823244552,1.0,0.5073221757322176,v2_corrected,
8,20,GGG,2014B,123,28594,833,0.8408254988932188,198,0.6722788614532382,0.6144323486446601,0.6011854360711262,0.4297820823244552,1.0,0.5073221757322176,v2_corrected,
8,20,GGG,2014B,7,28594,833,0.8396952714409558,199,0.6996405209499675,0.6560905382608981,0.6043533930857875,0.5539906103286385,0.6647887323943662,0.6336495963227061,v2_corrected,
8,20,GGG,2014B,17,28594,833,0.8402283219769522,197,0.6860097825446403,0.6286448484807463,0.628310502283105,0.4648648648648649,0.9690140845070424,0.570281100830927,v2_corrected,
8,20,GGG,2014B,99,28594,833,0.8396786386610733,186,0.6639813778065885,0.6116072023398038,0.6121739130434782,0.4427672955974843,0.991549295774648,0.5323855265484119,v2_corrected,
8,21,GGG,2014J,42,28656,749,0.8392265673789141,198,0.6779870033968394,0.6325479789249946,0.5806451612903226,0.4192139737991266,0.9442622950819672,0.5228068232166593,v2_corrected,
8,21,GGG,2014J,123,28656,749,0.8350684974822333,199,0.6541057450893517,0.6285690214086588,0.5710059171597633,0.5202156334231806,0.6327868852459017,0.6159429921725004,v2_corrected,
8,21,GGG,2014J,7,28656,749,0.8330072489545537,198,0.6514621178555604,0.6195095790518491,0.5579119086460033,0.5551948051948052,0.5606557377049181,0.6260485895731798,v2_corrected,
8,21,GGG,2014J,17,28656,749,0.8383629378423887,199,0.6632255206025698,0.6324685175589733,0.5853107344632769,0.446551724137931,0.8491803278688524,0.5631036774479398,v2_corrected,
8,21,GGG,2014J,99,28656,749,0.8381427814799882,198,0.6551838723969872,0.6183229511512467,0.5415986949429038,0.538961038961039,0.5442622950819672,0.6122212376310737,v2_corrected,
2,0,AAA,2013J,42,29021,383,0.7627762504486666,199,0.7686879068174033,0.6751625910100252,0.4755244755244755,0.8947368421052632,0.3238095238095238,0.6547105173004454,v2_corrected,full
2,0,AAA,2013J,123,29021,383,0.7615369444915572,160,0.7205892428914011,0.49109905017549116,0.4954128440366973,0.4778761061946903,0.5142857142857142,0.651027749229188,v2_corrected,full
2,0,AAA,2013J,7,29021,383,0.7633241167677071,139,0.7846865364850977,0.6389801499688088,0.6111111111111112,0.5945945945945946,0.6285714285714286,0.7333504624871532,v2_corrected,full
2,0,AAA,2013J,17,29021,383,0.7570944546777685,112,0.7103460089071599,0.5012094462958103,0.2896551724137931,0.525,0.2,0.5658273381294964,v2_corrected,full
2,0,AAA,2013J,99,29021,383,0.7638739552477232,123,0.7724905789653991,0.5910321765714053,0.21138211382113822,0.7222222222222222,0.12380952380952381,0.5529119561493663,v2_corrected,full
2,1,AAA,2014J,42,29008,365,0.759364057246221,165,0.6230237154150198,0.47563426298626155,0.4514285714285714,0.3319327731092437,0.7053571428571429,0.5384493224167137,v2_corrected,full
2,1,AAA,2014J,123,29008,365,0.7569043312222152,192,0.6243647656691135,0.47020072020454123,0.44525547445255476,0.3765432098765432,0.5446428571428571,0.5727166854884246,v2_corrected,full
2,1,AAA,2014J,7,29008,365,0.7582515036494543,193,0.6266233766233765,0.47636896741661305,0.4649122807017544,0.45689655172413796,0.4732142857142857,0.6121012140033879,v2_corrected,full
2,1,AAA,2014J,17,29008,365,0.7530995603943299,167,0.6533385093167702,0.5015832354369786,0.4866920152091255,0.423841059602649,0.5714285714285714,0.6137775268210051,v2_corrected,full
2,1,AAA,2014J,99,29008,365,0.7571617736487269,183,0.6504093732354602,0.4948774659925604,0.48333333333333334,0.35080645161290325,0.7767857142857143,0.570211038961039,v2_corrected,full
2,2,BBB,2013B,42,27754,1767,0.7703607371235062,128,0.7382358944414876,0.7830966264423516,0.7050623624358033,0.5454029511918275,0.9968879668049793,0.49968931341494294,v2_corrected,full
2,2,BBB,2013B,123,27754,1767,0.7685379686002167,137,0.7475642430098748,0.7849165363176221,0.7115963855421686,0.5585106382978723,0.9802904564315352,0.52501446856446,v2_corrected,full
2,2,BBB,2013B,7,27754,1767,0.7717639795581022,149,0.71606088165231,0.7586637575043091,0.7138072199478973,0.5565873476494486,0.9948132780082988,0.5216905742469887,v2_corrected,full
2,2,BBB,2013B,17,27754,1767,0.762318685802616,124,0.7444444587981791,0.7815560083570348,0.7101010101010101,0.6919291338582677,0.729253112033195,0.669732409067656,v2_corrected,full
2,2,BBB,2013B,99,27754,1767,0.7685030790066337,138,0.7116989970184422,0.7599290062723509,0.71849234393404,0.5780164245104232,0.9491701244813278,0.5586448380812616,v2_corrected,full
2,3,BBB,2013J,42,27326,2237,0.7852410523058095,158,0.7632718916148868,0.7846278173904624,0.7001733102253033,0.7069116360454943,0.6935622317596567,0.6905311158798284,v2_corrected,full
2,3,BBB,2013J,123,27326,2237,0.7827238813843649,161,0.7843123438600987,0.8053702977228824,0.6439957492029755,0.8451882845188284,0.5201716738197425,0.7083134488501698,v2_corrected,full
2,3,BBB,2013J,7,27326,2237,0.7801926431437645,184,0.7775502850554097,0.8019203418047209,0.6102449888641426,0.8684627575277337,0.4703862660944206,0.696480446480046,v2_corrected,full
2,3,BBB,2013J,17,27326,2237,0.7774525931344449,142,0.7612548843764012,0.7759697558283305,0.7226480836236934,0.6082111436950146,0.8901287553648068,0.6334972135032989,v2_corrected,full
2,3,BBB,2013J,99,27326,2237,0.782398135025163,137,0.7793639100634168,0.7963978670829686,0.6803813346713498,0.8188405797101449,0.5819742489270386,0.7210244378963551,v2_corrected,full
2,4,BBB,2014B,42,27897,1613,0.7666741981122115,126,0.689991958045215,0.7449865758631373,0.7080144985904149,0.5504070131496556,0.9920993227990971,0.5022394825824922,v2_corrected,full
2,4,BBB,2014B,123,27897,1613,0.7674390269653906,196,0.7567231052502477,0.8263505911989597,0.7209407507914971,0.6015094339622642,0.899548532731377,0.5866380902996637,v2_corrected,full
2,4,BBB,2014B,7,27897,1613,0.7626395253077687,139,0.7419821089793548,0.808870405842184,0.7090836334533813,0.5492870427774333,1.0,0.5,v2_corrected,full
2,4,BBB,2014B,17,27897,1613,0.7703002723990118,195,0.7509974818435017,0.802327321908698,0.7120032773453503,0.5588424437299035,0.9808126410835214,0.5186043948196148,v2_corrected,full
2,4,BBB,2014B,99,27897,1613,0.7668169436408556,198,0.7665209385799584,0.8227132942827531,0.726448362720403,0.6560509554140127,0.8137697516930023,0.6469123861628697,v2_corrected,full
2,5,BBB,2014J,42,27281,2292,0.7715270103189051,168,0.761884746588694,0.7890999815399982,0.6899275839368005,0.5521601685985248,0.9192982456140351,0.5907255116959065,v2_corrected,full
2,5,BBB,2014J,123,27281,2292,0.7662351963331702,180,0.7475766782407408,0.7728492150093552,0.6651108518086347,0.4982517482517482,1.0,0.5017361111111112,v2_corrected,full
2,5,BBB,2014J,7,27281,2292,0.7714107260761687,178,0.7496729562621832,0.7775915335270653,0.6684831970935513,0.5104022191400832,0.968421052631579,0.5245751096491228,v2_corrected,full
2,5,BBB,2014J,17,27281,2292,0.7689780068616513,119,0.7545873690302145,0.7821798491360306,0.6762770291444689,0.5260848366650415,0.9464912280701754,0.5513706140350877,v2_corrected,full
2,5,BBB,2014J,99,27281,2292,0.7738456476437685,197,0.7399080927144249,0.7708892000487726,0.6652977412731006,0.499779638607316,0.9947368421052631,0.5047468932748538,v2_corrected,full
2,6,CCC,2014B,42,27578,1936,0.7637574787517206,128,0.7063870928757024,0.8281441520335746,0.5219750406945198,0.843859649122807,0.377847604084839,0.6218046466879701,v2_corrected,full
2,6,CCC,2014B,123,27578,1936,0.7616396264767259,83,0.7066773775798313,0.8323897975475187,0.6134663341645885,0.8401639344262295,0.4831107619795758,0.6533200868721408,v2_corrected,full
2,6,CCC,2014B,7,27578,1936,0.7648898606897532,110,0.7121892324516972,0.8331491461807871,0.5925548189699134,0.8444767441860465,0.45640219952867245,0.6475072837764027,v2_corrected,full
2,6,CCC,2014B,17,27578,1936,0.7606461235630143,180,0.6996157578385755,0.8266957927536325,0.5611139762764311,0.8168168168168168,0.42733699921445406,0.6216624664247232,v2_corrected,full
2,6,CCC,2014B,99,27578,1936,0.7582004153264946,105,0.7057757177437415,0.827323037777503,0.6584699453551912,0.7833152762730228,0.5679497250589159,0.6331452999351894,v2_corrected,full
2,7,CCC,2014J,42,27086,2498,0.7608481035297952,141,0.710103006487316,0.7973106637975693,0.5672436750998668,0.8298701298701299,0.4308833445718139,0.6509096525814735,v2_corrected,full
2,7,CCC,2014J,123,27086,2498,0.7579333176319756,80,0.7125212174762248,0.7985426983023829,0.6434782608695652,0.7774594078319007,0.5488873904248146,0.6596653700892545,v2_corrected,full
2,7,CCC,2014J,7,27086,2498,0.7627822924100464,102,0.7036688379632552,0.7916455559194193,0.5891868880374628,0.7990762124711316,0.466621712744437,0.6475965706579327,v2_corrected,full
2,7,CCC,2014J,17,27086,2498,0.7585303086379309,131,0.7035286614471398,0.7905621578464141,0.5058878944889308,0.8390625,0.36210384356035064,0.6303130055240177,v2_corrected,full
2,7,CCC,2014J,99,27086,2498,0.7605528176558818,141,0.7015329730376119,0.7905212004977633,0.5861027190332326,0.8141486810551559,0.4578556979096426,0.6525731691518656,v2_corrected,full
2,8,DDD,2013B,42,28191,1303,0.7744766226886515,198,0.7073955937986796,0.8083078792374669,0.6546242774566474,0.766497461928934,0.5712484237074401,0.6503300942066612,v2_corrected,full
2,8,DDD,2013B,123,28191,1303,0.7659899641696664,198,0.7123309348960265,0.8019579779241861,0.7612565445026178,0.6508504923903312,0.9167717528373266,0.5760329352421927,v2_corrected,full
2,8,DDD,2013B,7,28191,1303,0.7694007282859419,171,0.7313502954775857,0.8174927951793443,0.7637474541751528,0.6404782237403929,0.9457755359394704,0.5601426699305195,v2_corrected,full
2,8,DDD,2013B,17,28191,1303,0.7664930070367604,125,0.7303513587023713,0.8155491057062152,0.7612535612535613,0.6943866943866944,0.8423707440100883,0.6329500778873971,v2_corrected,full
2,8,DDD,2013B,99,28191,1303,0.7668759202639516,125,0.7328165566352646,0.8211980900111759,0.7581267217630854,0.6731898238747553,0.8675914249684742,0.6063447320920803,v2_corrected,full
2,9,DDD,2013J,42,27594,1938,0.7671581561251273,160,0.7769206002865033,0.8236817177200275,0.7507585609016039,0.7228714524207012,0.7808836789900812,0.6902005849715183,v2_corrected,full
2,9,DDD,2013J,123,27594,1938,0.7607019941875879,88,0.7554774457476443,0.8085671398785188,0.7472719336534265,0.7241962774957699,0.7718665464382326,0.6893108365484287,v2_corrected,full
2,9,DDD,2013J,7,27594,1938,0.761345958640407,129,0.7612727753298214,0.8109459506336776,0.7539888682745826,0.6406052963430012,0.9161406672678089,0.614282637614604,v2_corrected,full
2,9,DDD,2013J,17,27594,1938,0.7583959922329563,86,0.7596684001170377,0.809084833732399,0.7601364153088291,0.6555555555555556,0.9044183949504058,0.6343563627345515,v2_corrected,full
2,9,DDD,2013J,99,27594,1938,0.7605900190229073,122,0.7565749471643892,0.8043598914046989,0.7511944138184491,0.6339950372208437,0.9215509467989179,0.6049250512040428,v2_corrected,full
2,10,DDD,2014B,42,28247,1228,0.7584745272892411,113,0.7525441019480393,0.8301618225625452,0.7841218053289831,0.6614678899082569,0.9626168224299065,0.5961309581878134,v2_corrected,full
2,10,DDD,2014B,123,28247,1228,0.7551533729667244,105,0.7364809307329745,0.8209387915231392,0.7761033369214209,0.6501352569882777,0.9626168224299065,0.5762979728015921,v2_corrected,full
2,10,DDD,2014B,7,28247,1228,0.7585591610932211,137,0.747685849748168,0.8357053984039968,0.7660891089108911,0.7139561707035755,0.8264352469959947,0.6543449721410036,v2_corrected,full
2,10,DDD,2014B,17,28247,1228,0.7508029890182478,143,0.7497568086606777,0.8282411069324667,0.7709437963944857,0.6394019349164468,0.9706275033377837,0.5573388038609587,v2_corrected,full
2,10,DDD,2014B,99,28247,1228,0.7500544959128064,102,0.7374035248110911,0.821493653105561,0.7756741250717154,0.6800804828973843,0.9025367156208278,0.6193268129252365,v2_corrected,full
2,11,DDD,2014J,42,27716,1803,0.7758446990547254,140,0.7324812167171217,0.7950504889957901,0.7215582115980522,0.6530448717948718,0.8061325420375866,0.6297076851602075,v2_corrected,full
2,11,DDD,2014J,123,27716,1803,0.7690889754201409,157,0.7433465465735496,0.802007693951414,0.6775599128540305,0.7539393939393939,0.6152324431256182,0.6794596559062435,v2_corrected,full
2,11,DDD,2014J,7,27716,1803,0.7741224269977507,127,0.7436175553757156,0.8035779368277479,0.648235294117647,0.7997097242380261,0.5450049455984174,0.6853812606779965,v2_corrected,full
2,11,DDD,2014J,17,27716,1803,0.771069906831665,135,0.7204344383498686,0.7846694246454249,0.710455764075067,0.6479217603911981,0.7863501483679525,0.6204478014567035,v2_corrected,full
2,11,DDD,2014J,99,27716,1803,0.7699399179765278,149,0.7408200451598078,0.7985926241062387,0.7156488549618321,0.6912442396313364,0.7418397626112759,0.659429982315739,v2_corrected,full
2,12,EEE,2013J,42,28414,1052,0.7739719678912726,126,0.7238154544140376,0.7195958388915303,0.6002490660024906,0.6694444444444444,0.5440180586907449,0.6743078799200851,v2_corrected,full
2,12,EEE,2013J,123,28414,1052,0.770727480348111,198,0.7107755377390311,0.7055019304215849,0.5691489361702128,0.6925566343042071,0.48306997742663654,0.6635382727855679,v2_corrected,full
2,12,EEE,2013J,7,28414,1052,0.7722508570538769,149,0.7168951802718441,0.7137754990118224,0.6059225512528473,0.6114942528735632,0.600451467268623,0.6614736810891555,v2_corrected,full
2,12,EEE,2013J,17,28414,1052,0.7736720711249672,136,0.7471560898041789,0.7358108429920542,0.6375838926174496,0.6319290465631929,0.6433408577878104,0.6853814305359414,v2_corrected,full
2,12,EEE,2013J,99,28414,1052,0.7672704286134471,115,0.769495935682594,0.7529139968853428,0.6592292089249493,0.5985267034990792,0.7336343115124153,0.6878352181535804,v2_corrected,full
2,13,EEE,2014B,42,28692,694,0.7817680317680318,167,0.6960908992677189,0.7440978257072125,0.6146788990825688,0.6340694006309149,0.5964391691394659,0.6357545985753352,v2_corrected,full
2,13,EEE,2014B,123,28692,694,0.7745382745382745,100,0.724883425180161,0.7462011508366861,0.6712485681557846,0.5466417910447762,0.8694362017804155,0.5943819664364263,v2_corrected,full
2,13,EEE,2014B,7,28692,694,0.7842288913717486,174,0.7121246124562585,0.7348206421731112,0.6666666666666666,0.5477099236641222,0.8516320474777448,0.5938832506296288,v2_corrected,full
2,13,EEE,2014B,17,28692,694,0.772507986793701,115,0.7121911078971648,0.7452579754100628,0.6344410876132931,0.6461538461538462,0.6231454005934718,0.6505082745264278,v2_corrected,full
2,13,EEE,2014B,99,28692,694,0.7735679164250593,125,0.7074948673831551,0.7470546678324541,0.6385372714486639,0.606951871657754,0.6735905044510386,0.6309128992843429,v2_corrected,full
2,14,EEE,2014J,42,28283,1188,0.7721239731900367,131,0.7061185950988582,0.6976496993887695,0.596116504854369,0.5836501901140685,0.6091269841269841,0.6444757727652464,v2_corrected,full
2,14,EEE,2014J,123,28283,1188,0.7655054130109407,170,0.7159812146106006,0.7028265903562352,0.6122448979591837,0.667447306791569,0.5654761904761905,0.678936925647452,v2_corrected,full
2,14,EEE,2014J,7,28283,1188,0.7704183457950748,199,0.7185890072403229,0.7011345249474904,0.6060606060606061,0.6401766004415012,0.5753968253968254,0.668546365914787,v2_corrected,full
2,14,EEE,2014J,17,28283,1188,0.7708656321957122,154,0.7275552886846747,0.709121847168533,0.5136612021857924,0.8245614035087719,0.373015873015873,0.6572681704260652,v2_corrected,full
2,14,EEE,2014J,99,28283,1188,0.7690061663245513,107,0.7034585886011324,0.6965310552362934,0.5779294653014789,0.6773333333333333,0.503968253968254,0.6635338345864661,v2_corrected,full
2,15,FFF,2013B,42,27849,1614,0.7645682421728641,117,0.7433125737753296,0.7812754872241184,0.6989515726410385,0.5977796754910333,0.8413461538461539,0.6195221817824119,v2_corrected,full
2,15,FFF,2013B,123,27849,1614,0.7679678615798227,131,0.7453214145189848,0.7867193273066408,0.6890951276102089,0.6659192825112108,0.7139423076923077,0.6664340694471769,v2_corrected,full
2,15,FFF,2013B,7,27849,1614,0.7681599246701856,142,0.7411961440094432,0.7854826498965968,0.6060606060606061,0.7869481765834933,0.49278846153846156,0.6754223637615582,v2_corrected,full
2,15,FFF,2013B,17,27849,1614,0.764171791087944,180,0.7444975900059021,0.7854855831862393,0.7120268327743172,0.5920318725099601,0.8930288461538461,0.6191486941766673,v2_corrected,full
2,15,FFF,2013B,99,27849,1614,0.7613397335191381,136,0.7181244466850286,0.7619244864746799,0.6820128479657388,0.6148648648648649,0.765625,0.6276974104859335,v2_corrected,full
2,16,FFF,2013J,42,27299,2283,0.7628157197098437,198,0.7772450532724506,0.8105698373718659,0.7201674808094906,0.6150178784266984,0.8686868686868687,0.6393662653936627,v2_corrected,full
2,16,FFF,2013J,123,27299,2283,0.7570078277212742,198,0.7848377227372663,0.8138613849969045,0.7361637604245641,0.6696551724137931,0.8173400673400674,0.689948572482819,v2_corrected,full
2,16,FFF,2013J,7,27299,2283,0.7624683408532542,198,0.7933182663776271,0.8263362402347372,0.7328118567311651,0.717163577759871,0.7491582491582491,0.7143051519763848,v2_corrected,full
2,16,FFF,2013J,17,27299,2283,0.7545488091570303,120,0.7768660732131052,0.8112816763141615,0.7185059422750425,0.6021627774615822,0.8905723905723906,0.6261081130944145,v2_corrected,full
2,16,FFF,2013J,99,27299,2283,0.7601536588660176,173,0.7766754301000877,0.8116954782899813,0.7269021739130435,0.6093394077448747,0.9006734006734006,0.6370946912042802,v2_corrected,full
2,17,FFF,2014B,42,27964,1500,0.7632105155482816,162,0.7028723042777307,0.7741473711656492,0.7308707124010554,0.5819327731092437,0.9822695035460993,0.5347127334244258,v2_corrected,full
2,17,FFF,2014B,123,27964,1500,0.7583475859247136,190,0.7420863426377774,0.8000585628387831,0.7417695473251029,0.656648451730419,0.8522458628841607,0.6378966317478907,v2_corrected,full
2,17,FFF,2014B,7,27964,1500,0.7619437397708675,162,0.7448742417998714,0.802097685680041,0.7365412101000477,0.6169193934557063,0.9137115839243499,0.5898833148979548,v2_corrected,full
2,17,FFF,2014B,17,27964,1500,0.7546020867430442,111,0.745946927798382,0.8060908380900361,0.743132530120482,0.6273393002441009,0.9113475177304965,0.6055208536664715,v2_corrected,full
2,17,FFF,2014B,99,27964,1500,0.7558033960720131,120,0.7195689736193349,0.7856902468136293,0.7364093193238922,0.6001489203276247,0.9527186761229315,0.5658088793458694,v2_corrected,full
2,18,FFF,2014J,42,27194,2365,0.7667558579481644,113,0.762383645524872,0.8035717663187167,0.672782874617737,0.7396733909702209,0.6169871794871795,0.6871865172279228,v2_corrected,full
2,18,FFF,2014J,123,27194,2365,0.7646959536815936,190,0.7601139441728072,0.8034089395604007,0.7083969465648855,0.6763848396501457,0.7435897435897436,0.6730482290016757,v2_corrected,full
2,18,FFF,2014J,7,27194,2365,0.7651853063360701,141,0.7494713116635677,0.7945913768510371,0.7199155524278676,0.6417816813048933,0.8197115384615384,0.6542604245575374,v2_corrected,full
2,18,FFF,2014J,17,27194,2365,0.7682018906807104,147,0.7612502295526019,0.8021566981733259,0.6906054279749478,0.7210113339145597,0.6626602564102564,0.6880893045703923,v2_corrected,full
2,18,FFF,2014J,99,27194,2365,0.760140874249016,93,0.7649618081858459,0.8041737041886825,0.714622641509434,0.7013888888888888,0.7283653846153846,0.6909508212244335,v2_corrected,full
2,19,GGG,2013J,42,28489,952,0.7710223122681035,153,0.6162889451951952,0.46243375495168143,0.5545893719806764,0.42518518518518517,0.7972222222222223,0.5709084084084084,v2_corrected,full
2,19,GGG,2013J,123,28489,952,0.7701190192772683,141,0.6323597034534534,0.47462936676512124,0.5273885350318471,0.48705882352941177,0.575,0.6033783783783784,v2_corrected,full
2,19,GGG,2013J,7,28489,952,0.7727993418229109,185,0.6206151463963964,0.4571797032266367,0.5687203791469194,0.4316546762589928,0.8333333333333334,0.5830518018018018,v2_corrected,full
2,19,GGG,2013J,17,28489,952,0.7660884133948108,129,0.6191277214714714,0.46749827687375045,0.42948717948717946,0.5075757575757576,0.37222222222222223,0.5763138138138137,v2_corrected,full
2,19,GGG,2013J,99,28489,952,0.7708826277849847,150,0.6227688626126127,0.46337114846204797,0.525934861278649,0.464818763326226,0.6055555555555555,0.5907845345345345,v2_corrected,full
2,20,GGG,2014B,42,28594,833,0.7718687990291266,195,0.660548647533738,0.5862270703774877,0.5991561181434599,0.42771084337349397,1.0,0.5031380753138075,v2_corrected,full
2,20,GGG,2014B,123,28594,833,0.7664669530711126,198,0.6534887147150686,0.5887318396975274,0.6008492569002123,0.48211243611584326,0.7971830985915493,0.5805999174966114,v2_corrected,full
2,20,GGG,2014B,7,28594,833,0.7759015467683711,196,0.6503653721492133,0.5933133004938733,0.5981465880370682,0.4266826923076923,1.0,0.5010460251046025,v2_corrected,full
2,20,GGG,2014B,17,28594,833,0.7625007364513985,155,0.6629589250987094,0.5932343585918284,0.6133828996282528,0.4576976421636616,0.9295774647887324,0.5557929164947846,v2_corrected,full
2,20,GGG,2014B,99,28594,833,0.7667274664909604,192,0.6474070363604219,0.5869344156955696,0.6017094017094017,0.43190184049079755,0.9915492957746479,0.5114650244563617,v2_corrected,full
2,21,GGG,2014J,42,28656,749,0.7639552256503901,113,0.6686050804903265,0.6043615826848403,0.5472972972972973,0.5644599303135889,0.5311475409836065,0.6248080047260375,v2_corrected,full
2,21,GGG,2014J,123,28656,749,0.7561809788064917,163,0.6708425638753508,0.5875907016366522,0.5813953488372093,0.4126547455295736,0.9836065573770492,0.5109474228326687,v2_corrected,full
2,21,GGG,2014J,7,28656,749,0.7627208480565371,154,0.6656365381775219,0.59831937480489,0.5342960288808665,0.5943775100401606,0.4852459016393443,0.6288842120809334,v2_corrected,full
2,21,GGG,2014J,17,28656,749,0.7581944016252835,103,0.659773297888052,0.5989450090569621,0.5491329479768786,0.4909560723514212,0.6229508196721312,0.5896285629892187,v2_corrected,full
2,21,GGG,2014J,99,28656,749,0.7601414218069422,118,0.6619517058041648,0.6056436135137186,0.5380710659898477,0.5559440559440559,0.521311475409836,0.6176377196869001,v2_corrected,full
4,0,AAA,2013J,42,29021,383,0.8022017205132351,179,0.7753340184994861,0.6610251349395442,0.4900662251655629,0.8043478260869565,0.3523809523809524,0.660003425830764,v2_corrected,full
4,0,AAA,2013J,123,29021,383,0.8005687712253826,192,0.7567660157588215,0.6563592287355642,0.5766871165644172,0.8103448275862069,0.44761904761904764,0.7040253511476533,v2_corrected,full
4,0,AAA,2013J,7,29021,383,0.8038421640127954,176,0.7927029804727647,0.7003547368566061,0.43661971830985913,0.8378378378378378,0.29523809523809524,0.6368276807125728,v2_corrected,full
4,0,AAA,2013J,17,29021,383,0.7971092064418666,185,0.7834874957177116,0.6766248310535946,0.5,0.8604651162790697,0.3523809523809524,0.6653991092840014,v2_corrected,full
4,0,AAA,2013J,99,29021,383,0.797810506884814,187,0.7504624871531346,0.6142787881399232,0.5253456221198156,0.5089285714285714,0.5428571428571428,0.6725077081192189,v2_corrected,full
4,1,AAA,2014J,42,29008,365,0.7878906509908535,165,0.7144974590626765,0.5875521349107973,0.46511627906976744,0.6666666666666666,0.35714285714285715,0.6390457368718239,v2_corrected,full
4,1,AAA,2014J,123,29008,365,0.7923671705394569,199,0.6378105590062111,0.5315746114333111,0.47643979057591623,0.337037037037037,0.8125,0.5524950592885376,v2_corrected,full
4,1,AAA,2014J,7,29008,365,0.7954688585571466,177,0.6934641445511011,0.5868790878901966,0.5163636363636364,0.43558282208588955,0.6339285714285714,0.6351461038961039,v2_corrected,full
4,1,AAA,2014J,17,29008,365,0.7927783821087765,198,0.7163325804630152,0.6083195668582276,0.5107913669064749,0.42771084337349397,0.6339285714285714,0.6292172501411631,v2_corrected,full
4,1,AAA,2014J,99,29008,365,0.7935352357638787,181,0.686723602484472,0.5847049388024661,0.5145631067961165,0.5638297872340425,0.4732142857142857,0.6555794748729531,v2_corrected,full
4,2,BBB,2013B,42,27754,1767,0.8054041427563035,187,0.782063372312335,0.8452592294130683,0.710811821922933,0.5558806319485079,0.9854771784232366,0.5201358494855909,v2_corrected,full
4,2,BBB,2013B,123,27754,1767,0.8025229856471872,191,0.7768546891067212,0.8421026698524791,0.7274949083503055,0.5989268947015426,0.9263485477178424,0.5908206001353844,v2_corrected,full
4,2,BBB,2013B,7,27754,1767,0.8052939426985228,189,0.8108454808989113,0.8608764946105443,0.7174280879864636,0.7861557478368356,0.6597510373443983,0.7221544725949887,v2_corrected,full
4,2,BBB,2013B,17,27754,1767,0.8093330513800323,198,0.7924704040346626,0.8510116871530135,0.7423059255856683,0.6661170651277823,0.8381742738589212,0.6669078094076673,v2_corrected,full
4,2,BBB,2013B,99,27754,1767,0.8037702886177807,193,0.7929651772657512,0.8473942400825054,0.7334384858044164,0.5916030534351145,0.9647302904564315,0.5826142112307064,v2_corrected,full
4,3,BBB,2013J,42,27326,2237,0.813811997313142,155,0.7985651143424508,0.8385228042130748,0.6627345844504021,0.8828571428571429,0.5304721030042918,0.7269897828454295,v2_corrected,full
4,3,BBB,2013J,123,27326,2237,0.8142639099410227,166,0.8067036064313624,0.84057611872271,0.6483214089157953,0.9033742331288344,0.5055793991416309,0.7234053712126065,v2_corrected,full
4,3,BBB,2013J,7,27326,2237,0.815021347156819,192,0.79322352828134,0.8308583647434613,0.7232682060390764,0.616969696969697,0.8738197424892704,0.6421337518416501,v2_corrected,full
4,3,BBB,2013J,17,27326,2237,0.8152204876436185,168,0.7892303503939528,0.8357878047751628,0.719632768361582,0.6112777444511098,0.8746781115879828,0.6351002498238422,v2_corrected,full
4,3,BBB,2013J,99,27326,2237,0.8118205924451463,157,0.7879812311831401,0.8274856228515646,0.7063063063063063,0.7431279620853081,0.672961373390558,0.7100814329639357,v2_corrected,full
4,4,BBB,2014B,42,27897,1613,0.7970044555187196,194,0.810535116018394,0.8751380420894308,0.7253333333333334,0.8859934853420195,0.6139954853273137,0.7588546890185399,v2_corrected,full
4,4,BBB,2014B,123,27897,1613,0.7853432438710222,93,0.8041721909824536,0.8713199654701747,0.6956521739130435,0.9439071566731141,0.5507900677200903,0.7554500544927825,v2_corrected,full
4,4,BBB,2014B,7,27897,1613,0.7919585277783643,199,0.8047489450756222,0.8696626215775617,0.7267156862745098,0.7949061662198391,0.6693002257336343,0.7294231527567758,v2_corrected,full
4,4,BBB,2014B,17,27897,1613,0.795218447114471,197,0.7944698364595526,0.8641945556590789,0.7246376811594203,0.7449344457687723,0.7054176072234764,0.7055286110395236,v2_corrected,full
4,4,BBB,2014B,99,27897,1613,0.7916413624173828,193,0.7931044118971251,0.8651003726313996,0.6879073135409124,0.9595959595959596,0.536117381489842,0.7543035325606019,v2_corrected,full
4,5,BBB,2014J,42,27281,2292,0.8090727256630075,199,0.761857715034113,0.8166510347726462,0.6824457593688363,0.5457413249211357,0.9105263157894737,0.5802631578947368,v2_corrected,full
4,5,BBB,2014J,123,27281,2292,0.8075196262694915,189,0.7837319535818713,0.8311023672780704,0.680259499536608,0.525035765379113,0.9657894736842105,0.5506030701754386,v2_corrected,full
4,5,BBB,2014J,7,27281,2292,0.8092788659114944,176,0.7916929367690059,0.8350346718030071,0.7130961392884179,0.6271637816245007,0.8263157894736842,0.6701023391812866,v2_corrected,full
4,5,BBB,2014J,17,27281,2292,0.8127713574291315,199,0.777038788377193,0.82734730659669,0.680921052631579,0.5447368421052632,0.9078947368421053,0.5785133406432749,v2_corrected,full
4,5,BBB,2014J,99,27281,2292,0.8092405449678655,180,0.7858274701510721,0.8290221002410034,0.684944684944685,0.7582534611288605,0.624561403508772,0.7137563961988305,v2_corrected,full
4,6,CCC,2014B,42,27578,1936,0.7914882589093959,195,0.7453373759921516,0.8707174827118521,0.6906740535549399,0.8376259798432251,0.5875883739198743,0.6844427540790925,v2_corrected,full
4,6,CCC,2014B,123,27578,1936,0.7895532534472438,138,0.777350447097686,0.8866881490341779,0.7200357781753131,0.8359293873312564,0.6323644933228594,0.6970268922119576,v2_corrected,full
4,6,CCC,2014B,7,27578,1936,0.7945808009578214,198,0.7380992157573647,0.8609193680389797,0.6613131790269249,0.8293838862559242,0.5498821681068342,0.6663437989855439,v2_corrected,full
4,6,CCC,2014B,17,27578,1936,0.7873400671692523,194,0.7489132096128076,0.86831664979734,0.6145251396648045,0.8692528735632183,0.4752553024351925,0.6690002002372041,v2_corrected,full
4,6,CCC,2014B,99,27578,1936,0.7928305447608999,129,0.768172711105108,0.8814076445969075,0.7491694352159468,0.7947136563876652,0.7085624509033779,0.6785647850293661,v2_corrected,full
4,7,CCC,2014J,42,27086,2498,0.8022957037897529,169,0.7549618168470913,0.8399600758555519,0.6770549279314375,0.801660516605166,0.585974376264329,0.6870758580829035,v2_corrected,full
4,7,CCC,2014J,123,27086,2498,0.7982121702050798,102,0.7526628555484324,0.8400104599950993,0.7312803889789303,0.704119850187266,0.76062036412677,0.6468126451175722,v2_corrected,full
4,7,CCC,2014J,7,27086,2498,0.7967224596117987,115,0.7418373753109959,0.8327248056407457,0.6463565253190613,0.8298097251585623,0.5293324342548887,0.6853558722998582,v2_corrected,full
4,7,CCC,2014J,17,27086,2498,0.8022888418241672,147,0.7503486143451731,0.8386712935479181,0.6567411083540116,0.8491978609625669,0.5354012137559002,0.6982424787991324,v2_corrected,full
4,7,CCC,2014J,99,27086,2498,0.8021175140382534,157,0.7464366265956704,0.8365854034433053,0.6970610399397137,0.7899231426131511,0.6237356709372893,0.6906855694587924,v2_corrected,full
4,8,DDD,2013B,42,28191,1303,0.8053874806562081,140,0.7949113567242786,0.8741723410344611,0.7488464073829928,0.7845303867403315,0.7162673392181589,0.7051924931384912,v2_corrected,full
4,8,DDD,2013B,123,28191,1303,0.8086985538560363,159,0.8027816927527631,0.8814579081490221,0.7591339648173207,0.8189781021897811,0.7074401008827238,0.7321514229903815,v2_corrected,full
4,8,DDD,2013B,7,28191,1303,0.8064976370332984,128,0.7935983977449744,0.8711085269121872,0.7867690490253987,0.74,0.8398486759142497,0.6905125732512425,v2_corrected,full
4,8,DDD,2013B,17,28191,1303,0.808827442948849,172,0.7841307519224588,0.8707094196540142,0.6815728604471858,0.876984126984127,0.5573770491803278,0.7179042108646737,v2_corrected,full
4,8,DDD,2013B,99,28191,1303,0.8069070371776208,178,0.7912469401379719,0.871574895610797,0.7737775389575497,0.6741573033707865,0.9079445145018915,0.6127957866627105,v2_corrected,full
4,9,DDD,2013J,42,27594,1938,0.7969800169378525,158,0.7579052189509888,0.8307905188366902,0.7559544356230583,0.6124161073825504,0.9873760144274121,0.5757145452112935,v2_corrected,full
4,9,DDD,2013J,123,27594,1938,0.7976874768863524,198,0.6882258438197835,0.7635696880892612,0.758906952611553,0.6156004489337823,0.9891794409377818,0.5814413489369247,v2_corrected,full
4,9,DDD,2013J,7,27594,1938,0.8010819117635701,134,0.7660587081679557,0.8348951117831602,0.7597061909758657,0.6205714285714286,0.9792605951307484,0.5891477885183296,v2_corrected,full
4,9,DDD,2013J,17,27594,1938,0.7972747561644259,134,0.7512331934898262,0.8291640603520121,0.759635599159075,0.6212034383954155,0.9774571686203787,0.5900554841895621,v2_corrected,full
4,9,DDD,2013J,99,27594,1938,0.7988818786429469,161,0.7860095218309239,0.8500647264138658,0.7638190954773869,0.6344663088849135,0.9594229035166817,0.6099888944603915,v2_corrected,full
4,10,DDD,2014B,42,28247,1228,0.7888382462224424,142,0.8005468669429803,0.8727530838109084,0.7890535917901939,0.6885572139303483,0.9238985313751669,0.6352269274829905,v2_corrected,full
4,10,DDD,2014B,123,28247,1228,0.7900499545867392,125,0.8170002592182758,0.8834918172865971,0.7802569303583502,0.7904109589041096,0.7703604806408545,0.72547251589454,v2_corrected,full
4,10,DDD,2014B,7,28247,1228,0.7879902567913466,162,0.8065395475108078,0.8764759695706517,0.7903614457831325,0.7200878155872668,0.8758344459279038,0.6717376822541398,v2_corrected,full
4,10,DDD,2014B,17,28247,1228,0.7866414829493847,164,0.8047389560471723,0.8739123365755026,0.7967853042479908,0.6988922457200403,0.9265687583444593,0.6511758196732735,v2_corrected,full
4,10,DDD,2014B,99,28247,1228,0.7851213772603418,136,0.795763871661868,0.8698262292526034,0.793935991016283,0.685077519379845,0.9439252336448598,0.632714182584434,v2_corrected,full
4,11,DDD,2014J,42,27716,1803,0.808161828165243,158,0.7988202999330596,0.8636987547906362,0.5619718309859155,0.9755501222493888,0.39465875370919884,0.6910162455414681,v2_corrected,full
4,11,DDD,2014J,123,27716,1803,0.8113685245968482,177,0.7996470641129394,0.8607690019705914,0.5822436338609773,0.9570135746606335,0.41839762611275966,0.6972038635614304,v2_corrected,full
4,11,DDD,2014J,7,27716,1803,0.8133040101119242,180,0.7975389403430947,0.8632863355925443,0.631233595800525,0.9376218323586745,0.47576656775469833,0.7176812636753289,v2_corrected,full
4,11,DDD,2014J,17,27716,1803,0.8121495993965464,199,0.7861671862042783,0.8562248176599065,0.6033670033670033,0.9451476793248945,0.4431256181998022,0.7051486676857597,v2_corrected,full
4,11,DDD,2014J,99,27716,1803,0.8101695174410308,185,0.7855883263895134,0.8539679340420833,0.6368932038834951,0.9213483146067416,0.486646884272997,0.716808290621347,v2_corrected,full
4,12,EEE,2013J,42,28414,1052,0.8055503146856315,199,0.6892993361429572,0.6945393882005413,0.5793397231096912,0.5483870967741935,0.6139954853273137,0.6230896966866454,v2_corrected,full
4,12,EEE,2013J,123,28414,1052,0.8049478435033216,174,0.7455103470515629,0.7453403604450647,0.6243093922651933,0.5272161741835147,0.7652370203160271,0.6330290191892123,v2_corrected,full
4,12,EEE,2013J,7,28414,1052,0.8085008786810474,199,0.6663108303958307,0.6681711432333994,0.5196662693682956,0.5505050505050505,0.49209932279909707,0.5999084462928161,v2_corrected,full
4,12,EEE,2013J,17,28414,1052,0.8063785323348858,196,0.700337673794512,0.6997954767570942,0.6039215686274509,0.5337954939341422,0.6952595936794582,0.6267759380548359,v2_corrected,full
4,12,EEE,2013J,99,28414,1052,0.8049087086231032,193,0.7521859837575569,0.7499381885253427,0.6399176954732511,0.5879017013232514,0.7020316027088036,0.6720338637517745,v2_corrected,full
4,13,EEE,2014B,42,28692,694,0.8138417066988495,191,0.7245010763949498,0.7635734084541532,0.6082289803220036,0.7657657657657657,0.5044510385756676,0.6793963876351727,v2_corrected,full
4,13,EEE,2014B,123,28692,694,0.8166070308927452,197,0.7247421223682351,0.7665572437875222,0.6274509803921569,0.6380368098159509,0.6172106824925816,0.6433392348037137,v2_corrected,full
4,13,EEE,2014B,7,28692,694,0.8216140001854287,198,0.707976959329726,0.753641858652236,0.6466165413533834,0.559652928416486,0.7655786350148368,0.5984755920172223,v2_corrected,full
4,13,EEE,2014B,17,28692,694,0.8155286369572083,190,0.7030064251219776,0.7483411160353901,0.6372413793103449,0.595360824742268,0.685459940652819,0.6228420151443367,v2_corrected,full
4,13,EEE,2014B,99,28692,694,0.8176862105433533,178,0.7072870691303228,0.7465413164907249,0.6306306306306306,0.6382978723404256,0.6231454005934718,0.6449060336300692,v2_corrected,full
4,14,EEE,2014J,42,28283,1188,0.7985755299488043,165,0.6891534391534393,0.6836730703806464,0.5474372955288986,0.6077481840193705,0.498015873015873,0.6305868838763575,v2_corrected,full
4,14,EEE,2014J,123,28283,1188,0.7998520181092219,199,0.713699758655899,0.7145755229211663,0.5132978723404256,0.7782258064516129,0.38293650793650796,0.6512635756056809,v2_corrected,full
4,14,EEE,2014J,7,28283,1188,0.8078076944809106,149,0.7313770537454749,0.7336936062230097,0.6297376093294461,0.6171428571428571,0.6428571428571429,0.6744987468671679,v2_corrected,full
4,14,EEE,2014J,17,28283,1188,0.8068592988347457,182,0.7335149215631671,0.727565075936014,0.6135371179039302,0.6820388349514563,0.5575396825396826,0.6830096073517127,v2_corrected,full
4,14,EEE,2014J,99,28283,1188,0.8047742306941992,180,0.701780492898914,0.6995356568040652,0.574585635359116,0.6483790523690773,0.5158730158730159,0.6548663324979115,v2_corrected,full
4,15,FFF,2013B,42,27849,1614,0.7979783870480046,197,0.7652545863663192,0.8149801549417381,0.6819860484201887,0.5177570093457944,0.9987980769230769,0.5045141279756049,v2_corrected,full
4,15,FFF,2013B,123,27849,1614,0.7986767982856879,196,0.7722801495180012,0.8169124109146059,0.7002629272567923,0.5510344827586207,0.9603365384615384,0.5639278600236081,v2_corrected,full
4,15,FFF,2013B,7,27849,1614,0.7980161834208676,198,0.7803862138500886,0.8273725948942431,0.6828465651995064,0.5190744215134458,0.9975961538461539,0.5071100973834349,v2_corrected,full
4,15,FFF,2013B,17,27849,1614,0.7984886380816534,199,0.7546747430159354,0.7999456446001381,0.6833881578947368,0.519375,0.9987980769230769,0.5077110589218965,v2_corrected,full
4,15,FFF,2013B,99,27849,1614,0.7973498169340898,193,0.7653498795002951,0.8142910544251974,0.682526661197703,0.5180572851805728,1.0,0.5051150895140665,v2_corrected,full
4,16,FFF,2013J,42,27299,2283,0.7942537269293211,178,0.808565103085651,0.8547465902500115,0.6736183524504692,0.8849315068493151,0.5437710437710438,0.7335293575019602,v2_corrected,full
4,16,FFF,2013J,123,27299,2283,0.799146604470991,188,0.8105499438832772,0.8550359120944504,0.700497512437811,0.8564476885644768,0.5925925925925926,0.7424150177574835,v2_corrected,full
4,16,FFF,2013J,7,27299,2283,0.8012882591243228,196,0.8220800086096889,0.8648729784138861,0.6720085470085471,0.9195906432748538,0.5294612794612794,0.7396164844794981,v2_corrected,full
4,16,FFF,2013J,17,27299,2283,0.8013571169408766,199,0.8170579462816906,0.8593022008943436,0.7362878455462922,0.769019248395967,0.7062289562289562,0.7380459849637931,v2_corrected,full
4,16,FFF,2013J,99,27299,2283,0.8019225455498871,198,0.80899866242332,0.8509717475399142,0.7119924457034938,0.5686274509803921,0.952020202020202,0.5842292790922927,v2_corrected,full
4,17,FFF,2014B,42,27964,1500,0.7951863747954173,196,0.7949425611440056,0.8544690809671751,0.7569676700111483,0.7162447257383966,0.8026004728132388,0.6956427440518793,v2_corrected,full
4,17,FFF,2014B,123,27964,1500,0.7960934942716857,194,0.7931604745483332,0.8555048760689323,0.7544483985765125,0.7571428571428571,0.75177304964539,0.7199232220704015,v2_corrected,full
4,17,FFF,2014B,7,27964,1500,0.7961462765957447,193,0.8067574699431034,0.8654312319816985,0.7484197218710493,0.8043478260869565,0.6997635933806147,0.7397900535710413,v2_corrected,full
4,17,FFF,2014B,17,27964,1500,0.7946184533551555,198,0.8119229907244743,0.8665432787717465,0.7569141193595342,0.6419753086419753,0.9219858156028369,0.6284241004619688,v2_corrected,full
4,17,FFF,2014B,99,27964,1500,0.7958349018003272,198,0.8025372141612626,0.8639634050870073,0.6856309263311452,0.8952380952380953,0.5555555555555556,0.7357288481141693,v2_corrected,full
4,18,FFF,2014J,42,27194,2365,0.793701656253748,187,0.7857650127401694,0.8361510245548414,0.7033922876195999,0.5511131303952749,0.9719551282051282,0.543721521130317,v2_corrected,full
4,18,FFF,2014J,123,27194,2365,0.7894981082289315,193,0.7795713965980304,0.8317390930353173,0.7060226595110316,0.5622032288698955,0.9487179487179487,0.5616463512613915,v2_corrected,full
4,18,FFF,2014J,7,27194,2365,0.7921577093759882,194,0.7834494008677089,0.8407697770527767,0.6989956958393113,0.5444792132320071,0.9759615384615384,0.5318482714689071,v2_corrected,full
4,18,FFF,2014J,17,27194,2365,0.7890449554588772,171,0.741238981475105,0.7958622922825657,0.7021924482338612,0.5663064833005894,0.9238782051282052,0.5666839548470032,v2_corrected,full
4,18,FFF,2014J,99,27194,2365,0.7966259963145901,187,0.7723304467093635,0.8320198601446807,0.7010550996483002,0.5526802218114603,0.9583333333333334,0.5458631751715906,v2_corrected,full
4,19,GGG,2013J,42,28489,952,0.8009423236695964,199,0.6591028528528529,0.51553507035932,0.4940828402366864,0.5284810126582279,0.4638888888888889,0.6060998498498499,v2_corrected,full
4,19,GGG,2013J,123,28489,952,0.7998928680746862,149,0.6529208896396397,0.4984002168053654,0.5745098039215686,0.44393939393939397,0.8138888888888889,0.5969782282282282,v2_corrected,full
4,19,GGG,2013J,7,28489,952,0.8032428663741795,163,0.644557057057057,0.482943634489418,0.5720338983050848,0.4623287671232877,0.75,0.6097972972972973,v2_corrected,full
4,19,GGG,2013J,17,28489,952,0.8050826527257503,186,0.6502205330330331,0.48626118695413906,0.5382653061224489,0.49764150943396224,0.5861111111111111,0.6131569069069069,v2_corrected,full
4,19,GGG,2013J,99,28489,952,0.8059984970759382,171,0.6260651276276277,0.47125951912653885,0.5526590198123045,0.44240400667779634,0.7361111111111112,0.585960960960961,v2_corrected,full
4,20,GGG,2014B,42,28594,833,0.8063411371130225,177,0.6485944958453651,0.5991103808642174,0.6001690617075233,0.428743961352657,1.0,0.5052301255230125,v2_corrected,full
4,20,GGG,2014B,123,28594,833,0.8112920944597612,197,0.6478048205551299,0.588420044537266,0.6071741032370953,0.4403553299492386,0.9774647887323944,0.5274353232364901,v2_corrected,full
4,20,GGG,2014B,7,28594,833,0.8137934240801772,198,0.6778242677824268,0.631879103738547,0.5738161559888579,0.5674931129476584,0.5802816901408451,0.6259149036478284,v2_corrected,full
4,20,GGG,2014B,17,28594,833,0.813340130729642,199,0.6705168247981613,0.6092894637744768,0.6116322701688556,0.45850914205344584,0.9183098591549296,0.5564352643054983,v2_corrected,full
4,20,GGG,2014B,99,28594,833,0.8115197431097207,196,0.6604631975956154,0.6001639044183964,0.6020408163265306,0.43118148599269185,0.9971830985915493,0.5100978254464023,v2_corrected,full
4,21,GGG,2014J,42,28656,749,0.7994776721132639,152,0.6565869147836362,0.5909979186346217,0.5812133072407045,0.41422594142259417,0.9737704918032787,0.5139122729286664,v2_corrected,full
4,21,GGG,2014J,123,28656,749,0.7980193832459822,167,0.6329714960862501,0.589039868664978,0.5552407932011332,0.48877805486284287,0.6426229508196721,0.5904556195539803,v2_corrected,full
4,21,GGG,2014J,7,28656,749,0.7907943415467071,193,0.637697533599173,0.5884160768436109,0.5490196078431373,0.4792176039119804,0.6426229508196721,0.5814466105449712,v2_corrected,full
4,21,GGG,2014J,17,28656,749,0.7966178132979186,166,0.6318416777433171,0.5794070324776457,0.5700712589073634,0.44692737430167595,0.7868852459016393,0.5589831634913602,v2_corrected,full
4,21,GGG,2014J,99,28656,749,0.7997521758721275,168,0.645436420026584,0.5879152434951493,0.547683923705722,0.46853146853146854,0.659016393442623,0.5727514399645548,v2_corrected,full
6,0,AAA,2013J,42,29021,383,0.8136130383506424,198,0.755772524837273,0.6581095578644297,0.4233576642335766,0.90625,0.2761904761904762,0.6326995546420007,v2_corrected,full
6,0,AAA,2013J,123,29021,383,0.8161987386058399,199,0.783007879410757,0.712165091805209,0.5949367088607594,0.8867924528301887,0.44761904761904764,0.713018156903049,v2_corrected,full
6,0,AAA,2013J,7,29021,383,0.8180535560034552,199,0.7923946557040082,0.7116128132961416,0.366412213740458,0.9230769230769231,0.22857142857142856,0.6106885919835561,v2_corrected,full
6,0,AAA,2013J,17,29021,383,0.8160155248512004,191,0.7672833162041794,0.6638621514450795,0.5308641975308642,0.7543859649122807,0.4095238095238095,0.6795820486467968,v2_corrected,full
6,0,AAA,2013J,99,29021,383,0.8134710427603943,199,0.7568687906817402,0.6383999988351134,0.5628140703517588,0.5957446808510638,0.5333333333333333,0.6983213429256594,v2_corrected,full
6,1,AAA,2014J,42,29008,365,0.8019387677733919,197,0.6597967250141162,0.5795455464318441,0.47651006711409394,0.3817204301075269,0.6339285714285714,0.5896915584415584,v2_corrected,full
6,1,AAA,2014J,123,29008,365,0.8062973009356902,198,0.6747600225861095,0.5960150515047838,0.45933014354066987,0.4948453608247423,0.42857142857142855,0.6174477696216827,v2_corrected,full
6,1,AAA,2014J,7,29008,365,0.8142731806499232,192,0.6654785431959345,0.5808027303070722,0.4721311475409836,0.37305699481865284,0.6428571428571429,0.5822981366459627,v2_corrected,full
6,1,AAA,2014J,17,29008,365,0.8118306690330996,193,0.7003105590062112,0.6115968848108262,0.4940239043824701,0.4460431654676259,0.5535714285714286,0.624611801242236,v2_corrected,full
6,1,AAA,2014J,99,29008,365,0.8136828618777863,197,0.6955815923207227,0.6091647305514235,0.5523809523809524,0.5918367346938775,0.5178571428571429,0.6798771880293619,v2_corrected,full
6,2,BBB,2013B,42,27754,1767,0.8148179507809952,194,0.7697043762240148,0.8428906127597104,0.719291490180978,0.5719534598897734,0.9688796680497925,0.5491969946724679,v2_corrected,full
6,2,BBB,2013B,123,27754,1767,0.8182158568097041,174,0.783762136800277,0.8485201183824065,0.7313182199832073,0.6142454160789845,0.9035269709543569,0.6111657270712009,v2_corrected,full
6,2,BBB,2013B,7,27754,1767,0.8247040447676035,199,0.80564842421831,0.8628186062942906,0.7195188627665391,0.7606936416184971,0.6825726141078838,0.7123946507650254,v2_corrected,full
6,2,BBB,2013B,17,27754,1767,0.8183532877697934,157,0.7816396500674339,0.8476925569342671,0.7260956175298805,0.6982758620689655,0.7562240663900415,0.681972556233626,v2_corrected,full
6,2,BBB,2013B,99,27754,1767,0.8173589343526768,198,0.7985472011078786,0.8554260819025127,0.7396158999553372,0.6494117647058824,0.8589211618257261,0.6511293231295505,v2_corrected,full
6,3,BBB,2013J,42,27326,2237,0.817880969378963,130,0.7908377906604318,0.8438097701028096,0.7197875166002656,0.7431444241316271,0.6978540772532189,0.7178636057907886,v2_corrected,full
6,3,BBB,2013J,123,27326,2237,0.8243114926480672,182,0.8081781276023317,0.8539597200016624,0.6773504273504274,0.8967468175388967,0.544206008583691,0.7380544968291589,v2_corrected,full
6,3,BBB,2013J,7,27326,2237,0.8221952403225637,198,0.8171493658317852,0.8605459729338161,0.7094455852156057,0.8825031928480205,0.5931330472103005,0.7536560758439562,v2_corrected,full
6,3,BBB,2013J,17,27326,2237,0.8194837645552794,179,0.7955748350522067,0.8467548901037859,0.72,0.6332247557003258,0.8343347639484978,0.6545740983921593,v2_corrected,full
6,3,BBB,2013J,99,27326,2237,0.8222402997042346,198,0.791130853244507,0.8439720020775217,0.7204771371769384,0.6711111111111111,0.7776824034334764,0.6817516494779322,v2_corrected,full
6,4,BBB,2014B,42,27897,1613,0.8003239225457692,164,0.8262860141401783,0.8828284642152998,0.7479438800193517,0.6545300592718035,0.8724604966139955,0.6556250213468877,v2_corrected,full
6,4,BBB,2014B,123,27897,1613,0.8041558798065755,198,0.8290479132835085,0.8855522669800083,0.764281752634498,0.7513631406761178,0.7776523702031602,0.7320173818003421,v2_corrected,full
6,4,BBB,2014B,7,27897,1613,0.8031969930527694,175,0.847103499026582,0.8968543235846551,0.7745474492594624,0.7534685165421559,0.7968397291196389,0.7395477875309335,v2_corrected,full
6,4,BBB,2014B,17,27897,1613,0.8090664526891485,199,0.8387184415374728,0.889624981188697,0.7441449403446753,0.6114742193173566,0.9503386004514672,0.6072188187951971,v2_corrected,full
6,4,BBB,2014B,99,27897,1613,0.8056798361382689,199,0.7301039244118351,0.8318096857998459,0.6816760475297061,0.7643758765778401,0.6151241534988713,0.692018748001155,v2_corrected,full
6,5,BBB,2014J,42,27281,2292,0.8161519694101966,198,0.8044666788499026,0.8429574101545412,0.717629846378932,0.6154328732747805,0.8605263157894737,0.664204130116959,v2_corrected,full
6,5,BBB,2014J,123,27281,2292,0.8157907835047278,185,0.7912467257553606,0.8372352603675858,0.6781857451403888,0.5230842455973346,0.9640350877192982,0.5471217105263158,v2_corrected,full
6,5,BBB,2014J,7,27281,2292,0.8203994275643869,199,0.7895863791423001,0.8356393669114237,0.6844328891777706,0.5436241610738255,0.9236842105263158,0.5781615497076024,v2_corrected,full
6,5,BBB,2014J,17,27281,2292,0.8185987836844397,198,0.7958424707602338,0.8382206151506565,0.6654867256637168,0.5013333333333333,0.9894736842105263,0.5077576754385965,v2_corrected,full
6,5,BBB,2014J,99,27281,2292,0.8160616729338295,195,0.7861362390350877,0.829982957465698,0.7081447963800905,0.621031746031746,0.8236842105263158,0.6631441885964913,v2_corrected,full
6,6,CCC,2014B,42,27578,1936,0.808355824548231,189,0.7663658369263471,0.8787012664358224,0.6075949367088608,0.9245585874799358,0.45247446975648076,0.6907922876685872,v2_corrected,full
6,6,CCC,2014B,123,27578,1936,0.8119163698840941,131,0.7714748477190139,0.883713281227158,0.6379928315412187,0.9161764705882353,0.48939512961508247,0.7017111394681748,v2_corrected,full
6,6,CCC,2014B,7,27578,1936,0.8138513753462464,152,0.7655020918271231,0.8805359889326306,0.6685934489402697,0.8642590286425903,0.5451688923802043,0.6903823345762259,v2_corrected,full
6,6,CCC,2014B,17,27578,1936,0.807963073821917,179,0.762449955509426,0.8768187377325798,0.6669847328244275,0.8493317132442284,0.549096622152396,0.6810339822677516,v2_corrected,full
6,6,CCC,2014B,99,27578,1936,0.8100253322104636,112,0.7619120401801424,0.8776101309366788,0.6634476098503138,0.8609022556390977,0.5396700706991359,0.686124628109749,v2_corrected,full
6,7,CCC,2014J,42,27086,2498,0.8147999759167143,176,0.7474557297981391,0.8357867717728672,0.5937219730941704,0.8862115127175368,0.4463924477410654,0.6813243026882667,v2_corrected,full
6,7,CCC,2014J,123,27086,2498,0.8166079931716802,135,0.7309002853356098,0.8186877502687624,0.5926892950391645,0.8355828220858895,0.4592043155765341,0.6635923055715183,v2_corrected,full
6,7,CCC,2014J,7,27086,2498,0.8135772179200895,178,0.7575550823952246,0.8454527991919016,0.542747358309318,0.9432387312186978,0.38098449089683073,0.673743476975509,v2_corrected,full
6,7,CCC,2014J,17,27086,2498,0.8164388789230521,170,0.7425747967938774,0.8323204304559907,0.6372425388818831,0.8459821428571429,0.5111260957518543,0.6875827523094247,v2_corrected,full
6,7,CCC,2014J,99,27086,2498,0.8155295578060835,181,0.7486003939558011,0.8340443471131778,0.5570438799076213,0.8841642228739003,0.406608226567768,0.6643878571262486,v2_corrected,full
6,8,DDD,2013B,42,28191,1303,0.8069896263050542,187,0.7863857775140322,0.8729469228631778,0.7174694464414091,0.8344481605351171,0.6292559899117276,0.717569171426452,v2_corrected,full
6,8,DDD,2013B,123,28191,1303,0.8166667361861342,195,0.783552159829884,0.8711763242460882,0.7736358725013506,0.6767485822306238,0.9029003783102144,0.6161560715080484,v2_corrected,full
6,8,DDD,2013B,7,28191,1303,0.8222986472902007,194,0.8040748708058254,0.8817152048686547,0.7835178351783518,0.7647058823529411,0.8032786885245902,0.7094824815171971,v2_corrected,full
6,8,DDD,2013B,17,28191,1303,0.8148360105280281,191,0.7852211754815419,0.8716773276782616,0.7649546827794562,0.734338747099768,0.798234552332913,0.6746074722448878,v2_corrected,full
6,8,DDD,2013B,99,28191,1303,0.8176369498750735,189,0.7803971020943055,0.871417653677062,0.7694753577106518,0.6636197440585009,0.9155107187894073,0.5969710456692134,v2_corrected,full
6,9,DDD,2013J,42,27594,1938,0.8159836181621143,189,0.809264804576222,0.8677038795859369,0.768788501026694,0.7058823529411765,0.8440036068530208,0.6867786429922522,v2_corrected,full
6,9,DDD,2013J,123,27594,1938,0.8160153659099549,172,0.7956510010757472,0.8527922926836271,0.773542600896861,0.6604977664326739,0.933273219116321,0.6457680932734802,v2_corrected,full
6,9,DDD,2013J,7,27594,1938,0.8142546529756648,198,0.8110649679505657,0.8617971184275912,0.7679656775116196,0.6362559241706162,0.9684400360685302,0.61389432442751,v2_corrected,full
6,9,DDD,2013J,17,27594,1938,0.8091342560773341,199,0.8024611659620107,0.8629626428570834,0.7760154738878143,0.6795392953929539,0.9044183949504058,0.6669257234100642,v2_corrected,full
6,9,DDD,2013J,99,27594,1938,0.8102840393775039,187,0.8060506155906113,0.8642021268351917,0.7737051792828685,0.6930763740185582,0.8755635707844905,0.6784331726057555,v2_corrected,full
6,10,DDD,2014B,42,28247,1228,0.8001729832383783,168,0.7929264070953338,0.8725097931493451,0.7870967741935484,0.7018828451882845,0.8958611481975968,0.650435793305479,v2_corrected,full
6,10,DDD,2014B,123,28247,1228,0.8027301626620427,113,0.774811788020771,0.8633999648192479,0.7805714285714286,0.6823176823176823,0.9118825100133512,0.6239997101214981,v2_corrected,full
6,10,DDD,2014B,7,28247,1228,0.8066695566014367,190,0.802748828639996,0.8774671531540144,0.7886836027713626,0.6948118006103764,0.9118825100133512,0.6427888541716025,v2_corrected,full
6,10,DDD,2014B,17,28247,1228,0.8017863925357114,171,0.7598412357743519,0.8530232554433261,0.7710843373493976,0.6344827586206897,0.9826435246995995,0.5487330358362298,v2_corrected,full
6,10,DDD,2014B,99,28247,1228,0.7992040293947651,155,0.7580350697241416,0.8539873956035472,0.774432118330692,0.6407342657342657,0.9786381842456608,0.5603003029787803,v2_corrected,full
6,11,DDD,2014J,42,27716,1803,0.8189494947435663,150,0.8176335561350399,0.8792360029853938,0.7029643073200242,0.9049844236760125,0.5746785361028685,0.7488291670413332,v2_corrected,full
6,11,DDD,2014J,123,27716,1803,0.8200125889380441,126,0.8233222432035489,0.8814421080329429,0.665814696485623,0.9404332129963899,0.5153313550939663,0.7368323442136498,v2_corrected,full
6,11,DDD,2014J,7,27716,1803,0.8254843598159738,192,0.8114340736744299,0.875775547246782,0.7129300118623962,0.8903703703703704,0.5944609297725024,0.7505132931690794,v2_corrected,full
6,11,DDD,2014J,17,27716,1803,0.8259095125481641,196,0.8133336330665708,0.8753615749029577,0.6919315403422983,0.9056,0.559841740850643,0.7426733956778467,v2_corrected,full
6,11,DDD,2014J,99,27716,1803,0.8236418897338145,185,0.8081807191599477,0.8719543437527129,0.6895720313441832,0.8827160493827161,0.5657764589515332,0.7349084314959686,v2_corrected,full
6,12,EEE,2013J,42,28414,1052,0.8163443325690359,175,0.8048534584690885,0.8071504870528495,0.6291970802919709,0.46494066882416396,0.9729119638826185,0.5792310229922124,v2_corrected,full
6,12,EEE,2013J,123,28414,1052,0.8149947971206615,169,0.8225377798040676,0.8272600756718129,0.6549800796812749,0.5061576354679803,0.927765237020316,0.6346543754888115,v2_corrected,full
6,12,EEE,2013J,7,28414,1052,0.8234166233436677,198,0.8218298138902171,0.8213295852270678,0.652931854199683,0.503052503052503,0.9300225733634312,0.6308569352859849,v2_corrected,full
6,12,EEE,2013J,17,28414,1052,0.8207488603510935,169,0.8126744431718356,0.8205590913438918,0.6381322957198443,0.48693586698337293,0.9255079006772009,0.6080741473829354,v2_corrected,full
6,12,EEE,2013J,99,28414,1052,0.8185144646636748,195,0.782291214921401,0.8017317816105158,0.6998722860791826,0.8058823529411765,0.618510158013544,0.7550678868885454,v2_corrected,full
6,13,EEE,2014B,42,28692,694,0.819838676981534,122,0.766384892235826,0.8131879601863015,0.6819672131147541,0.7619047619047619,0.6172106824925816,0.7175689266804645,v2_corrected,full
6,13,EEE,2014B,123,28692,694,0.8215452501166788,195,0.7589457147844301,0.810100988387751,0.6758832565284179,0.7006369426751592,0.6528189910979229,0.6947568344845356,v2_corrected,full
6,13,EEE,2014B,7,28692,694,0.8265522194093623,199,0.7503262432569466,0.803573913717637,0.6646058732612056,0.6935483870967742,0.6379821958456974,0.6859378766343333,v2_corrected,full
6,13,EEE,2014B,17,28692,694,0.8239012167583597,159,0.7797837235784522,0.8213160634483248,0.6845425867507886,0.7306397306397306,0.6439169139465876,0.7099136390461229,v2_corrected,full
6,13,EEE,2014B,99,28692,694,0.820872874444303,161,0.7665677546983185,0.8075130675565106,0.6836581709145427,0.6909090909090909,0.6765578635014837,0.695421788893599,v2_corrected,full
6,14,EEE,2014J,42,28283,1188,0.8050903625762542,190,0.7556565023670287,0.7826681647102263,0.6478048780487805,0.6372360844529751,0.6587301587301587,0.6912071846282373,v2_corrected,full
6,14,EEE,2014J,123,28283,1188,0.8037462349785802,151,0.7977321776663882,0.8127573036928595,0.6875,0.825,0.5892857142857143,0.7485902255639099,v2_corrected,full
6,14,EEE,2014J,7,28283,1188,0.815976187618601,173,0.7953071335746774,0.8140325613134634,0.6738609112709832,0.8515151515151516,0.5575396825396826,0.7429511278195489,v2_corrected,full
6,14,EEE,2014J,17,28283,1188,0.8163811993709532,181,0.7911561310684116,0.8115271603940144,0.6632522407170295,0.9350180505415162,0.5138888888888888,0.7437865497076024,v2_corrected,full
6,14,EEE,2014J,99,28283,1188,0.8077992395512535,198,0.777626937714657,0.7969188735992803,0.650319829424307,0.7027649769585254,0.6051587301587301,0.70828111946533,v2_corrected,full
6,15,FFF,2013B,42,27849,1614,0.8074615791653246,154,0.7502151780444619,0.805644912782677,0.6836692719045661,0.5196998123827392,0.9987980769230769,0.5083504451111548,v2_corrected,full
6,15,FFF,2013B,123,27849,1614,0.8141708461786223,199,0.7830744024198308,0.8273913777150181,0.7014010507880911,0.5516528925619835,0.9627403846153846,0.5651297831005312,v2_corrected,full
6,15,FFF,2013B,7,27849,1614,0.8177557499786369,195,0.7775181979146173,0.825972928068045,0.6839293053842992,0.5196752029981262,1.0,0.5083120204603581,v2_corrected,full
6,15,FFF,2013B,17,27849,1614,0.8107543827359316,199,0.7647289371434192,0.8152397385481694,0.685078318219291,0.5213299874529486,0.9987980769230769,0.5115473760574464,v2_corrected,full
6,15,FFF,2013B,99,27849,1614,0.8137316687591616,194,0.7588192258508755,0.8099546119640917,0.682806729585556,0.518380062305296,1.0,0.5057544757033248,v2_corrected,full
6,16,FFF,2013J,42,27299,2283,0.8007528454609898,199,0.811426287225374,0.8587997627603879,0.6099942561746123,0.9602169981916817,0.44696969696969696,0.7134391863843919,v2_corrected,full
6,16,FFF,2013J,123,27299,2283,0.8041407824543221,196,0.8329520471072982,0.8687639360702283,0.7619443290402991,0.7522559474979491,0.7718855218855218,0.7480432175637655,v2_corrected,full
6,16,FFF,2013J,7,27299,2283,0.8092863593548199,198,0.8396307058407515,0.8771013669274234,0.6716738197424893,0.9260355029585798,0.5269360269360269,0.740636963239703,v2_corrected,full
6,16,FFF,2013J,17,27299,2283,0.8116862308202291,199,0.8425441630921082,0.8739315743086942,0.7649943417578272,0.6930963773069037,0.8535353535353535,0.7217448457174485,v2_corrected,full
6,16,FFF,2013J,99,27299,2283,0.8102185882558581,197,0.835551096966622,0.8730879451928211,0.7296502124877411,0.5964724746125066,0.9393939393939394,0.6249481112494811,v2_corrected,full
6,17,FFF,2014B,42,27964,1500,0.806329991816694,197,0.7798888093637265,0.8478016991280549,0.7232472324723247,0.7538461538461538,0.6950354609929078,0.7007287396707658,v2_corrected,full
6,17,FFF,2014B,123,27964,1500,0.8111493453355155,199,0.8119898641565634,0.8676341289727196,0.7636916835699797,0.6687388987566607,0.8900709219858156,0.6598672652742534,v2_corrected,full
6,17,FFF,2014B,7,27964,1500,0.8136342062193126,199,0.8067412034325951,0.8645175244824617,0.7226229508196721,0.8114874815905744,0.6513002364066194,0.7277907909861843,v2_corrected,full
6,17,FFF,2014B,17,27964,1500,0.8102549099836334,159,0.8075310328872694,0.8665307622689931,0.7614213197969543,0.7281553398058253,0.7978723404255319,0.7062756197540503,v2_corrected,full
6,17,FFF,2014B,99,27964,1500,0.8024095744680851,134,0.8015756826512244,0.8620972420697193,0.6734397677793904,0.8721804511278195,0.5484633569739953,0.7222439109028997,v2_corrected,full
6,18,FFF,2014J,42,27194,2365,0.8041516469857055,199,0.801574013497693,0.8531848406660161,0.7395209580838323,0.6938202247191011,0.7916666666666666,0.7006677111310057,v2_corrected,full
6,18,FFF,2014J,123,27194,2365,0.8031057756261382,195,0.8238198126850768,0.8672028170756708,0.7518900343642612,0.6582430806257521,0.8766025641025641,0.6840488200996259,v2_corrected,full
6,18,FFF,2014J,7,27194,2365,0.8079212325406431,198,0.8088253649886372,0.8598763973048642,0.7239567233384853,0.5893306492199295,0.938301282051282,0.6038865407570645,v2_corrected,full
6,18,FFF,2014J,17,27194,2365,0.8072709430506035,199,0.8198291841700525,0.8645239928771785,0.7514372675008455,0.6500877706260971,0.8902243589743589,0.6774308903197668,v2_corrected,full
6,18,FFF,2014J,99,27194,2365,0.8052184532181914,198,0.8337106604228359,0.8752601868445291,0.7050912584053795,0.8800959232613909,0.5881410256410257,0.7493077554346579,v2_corrected,full
6,19,GGG,2013J,42,28489,952,0.8162974947486732,199,0.6365334084084084,0.4837864231705324,0.5625554569653949,0.4132985658409387,0.8805555555555555,0.5602102102102102,v2_corrected,full
6,19,GGG,2013J,123,28489,952,0.8195636823582951,199,0.6555015953453454,0.5020831173047826,0.5878003696857671,0.4404432132963989,0.8833333333333333,0.6004504504504504,v2_corrected,full
6,19,GGG,2013J,7,28489,952,0.8261122528799297,199,0.6422086148648649,0.49398459846371123,0.5519348268839104,0.43569131832797425,0.7527777777777778,0.5799361861861861,v2_corrected,full
6,19,GGG,2013J,17,28489,952,0.8197689578160958,167,0.6741342905405405,0.5299447338228618,0.5793562708102109,0.4824399260628466,0.725,0.6260135135135134,v2_corrected,full
6,19,GGG,2013J,99,28489,952,0.823088185041047,199,0.6289813250750751,0.48323427356236265,0.526060606060606,0.4666666666666667,0.6027777777777777,0.5919294294294294,v2_corrected,full
6,20,GGG,2014B,42,28594,833,0.8158779322288366,198,0.6767870823265956,0.6057948570851734,0.6001690617075233,0.428743961352657,1.0,0.5052301255230125,v2_corrected,full
6,20,GGG,2014B,123,28594,833,0.8145340837722985,195,0.6427544345571335,0.5664194877859008,0.6016949152542372,0.4303030303030303,1.0,0.5083682008368201,v2_corrected,full
6,20,GGG,2014B,7,28594,833,0.8183524089275143,198,0.6841063115092227,0.6205684203634766,0.6273352999016716,0.4818731117824773,0.8985915492957747,0.5905091637692262,v2_corrected,full
6,20,GGG,2014B,17,28594,833,0.8140499296012582,191,0.6617066415227768,0.6148655946376755,0.6042553191489362,0.4329268292682927,1.0,0.5135983263598326,v2_corrected,full
6,20,GGG,2014B,99,28594,833,0.8155108087017895,197,0.6635158229713006,0.6189713379908413,0.6011854360711262,0.4297820823244552,1.0,0.5073221757322176,v2_corrected,full
6,21,GGG,2014J,42,28656,749,0.8068086418289184,198,0.6703071924383399,0.6192969058755626,0.6002290950744559,0.4612676056338028,0.8590163934426229,0.5849136021267168,v2_corrected,full
6,21,GGG,2014J,123,28656,749,0.808575426281215,199,0.6526583961010191,0.6147635983936033,0.567342073897497,0.44569288389513106,0.780327868852459,0.5568306010928962,v2_corrected,full
6,21,GGG,2014J,7,28656,749,0.8046659710199919,199,0.6540319007532123,0.6213709456336811,0.5822784810126582,0.44858156028368795,0.8295081967213115,0.5645288731354305,v2_corrected,full
6,21,GGG,2014J,17,28656,749,0.8092963691986624,167,0.6499335400974745,0.6087701546870974,0.574468085106383,0.4074074074074074,0.9737704918032787,0.5003987594151529,v2_corrected,full
6,21,GGG,2014J,99,28656,749,0.8097343104007083,196,0.6592157731501994,0.6218725487716601,0.5988826815642458,0.4542372881355932,0.8786885245901639,0.5767316496824694,v2_corrected,full
